id;site;unidade;vida;igv_abertura;bov_fechada;pre_sistema;pre_descarga;pre_oleo;vibracao_1;vibracao_2;vibracao_3;corrente_motor;consumo_motor;temp_oleo;temp_entrada;temp_reserva;temp_espira;temp_mancal_de;temp_mancal_nde;hs_trabalhadas;hs_carga;pre_setpoint;pre_unloadsp;pre_reloadsp;status_ligado;carga_alivio;pronto;alarme;trip;aux_oil_pump_trip;vibration_1_high_alarm;press_oil_l;vibration_2_high_alarm;vibration_3_high_alarm;motor_current_l;oil_supply_temp_high;estag_3_inlet_temp_high;oil_reservoir_temp_l;timestamp
1;teste;NULL;NULL;NULL;NULL;NULL;NULL;NULL;NULL;NULL;NULL;NULL;NULL;NULL;NULL;NULL;NULL;NULL;NULL;NULL;NULL;NULL;NULL;NULL;NULL;NULL;NULL;NULL;NULL;NULL;NULL;NULL;NULL;NULL;NULL;NULL;NULL;NULL;16/04/2025 14:03
2;NULL;NULL;NULL;NULL;NULL;NULL;NULL;NULL;7.953.125;16.757.813;5.703.125;NULL;NULL;NULL;NULL;NULL;NULL;NULL;NULL;NULL;NULL;NULL;NULL;NULL;NULL;NULL;NULL;NULL;NULL;NULL;NULL;NULL;NULL;NULL;NULL;NULL;NULL;NULL;16/04/2025 14:03
3;NULL;NULL;NULL;NULL;NULL;NULL;NULL;NULL;7.937.500;16.609.375;5.718.750;NULL;NULL;NULL;NULL;NULL;NULL;NULL;NULL;NULL;NULL;NULL;NULL;NULL;NULL;NULL;NULL;NULL;NULL;NULL;NULL;NULL;NULL;NULL;NULL;NULL;NULL;NULL;16/04/2025 14:03
4;NULL;NULL;NULL;NULL;NULL;NULL;NULL;NULL;7.968.750;16.304.688;5.687.500;NULL;NULL;NULL;NULL;NULL;NULL;NULL;NULL;NULL;NULL;NULL;NULL;NULL;NULL;NULL;NULL;NULL;NULL;NULL;NULL;NULL;NULL;NULL;NULL;NULL;NULL;NULL;16/04/2025 14:03
5;NULL;NULL;NULL;NULL;NULL;NULL;NULL;NULL;7.875.000;16.445.313;5.710.938;349.563;198.55;NULL;NULL;NULL;NULL;NULL;NULL;NULL;NULL;NULL;NULL;NULL;NULL;NULL;NULL;NULL;NULL;NULL;NULL;NULL;NULL;NULL;NULL;NULL;NULL;NULL;16/04/2025 14:03
6;NULL;NULL;NULL;NULL;NULL;NULL;NULL;NULL;8.023.438;16.578.125;5.703.125;351.188;199.47;NULL;NULL;NULL;NULL;NULL;NULL;NULL;NULL;NULL;NULL;NULL;NULL;NULL;NULL;NULL;NULL;NULL;NULL;NULL;NULL;NULL;NULL;NULL;NULL;NULL;16/04/2025 14:03
7;NULL;NULL;NULL;NULL;NULL;NULL;NULL;NULL;7.781.250;16.507.813;5.734.375;351.813;199.83;NULL;NULL;NULL;NULL;NULL;NULL;NULL;NULL;NULL;NULL;NULL;NULL;NULL;NULL;NULL;NULL;NULL;NULL;NULL;NULL;NULL;NULL;NULL;NULL;NULL;16/04/2025 14:03
8;NULL;NULL;NULL;NULL;NULL;NULL;NULL;NULL;7.562.500;16.507.813;5.742.188;349.438;198.48;NULL;NULL;NULL;NULL;NULL;NULL;NULL;NULL;NULL;NULL;NULL;NULL;NULL;NULL;NULL;NULL;NULL;NULL;NULL;NULL;NULL;NULL;NULL;NULL;NULL;16/04/2025 14:03
9;NULL;NULL;NULL;NULL;NULL;NULL;NULL;NULL;7.679.688;16.476.563;5.742.188;348.875;198.16;NULL;NULL;NULL;NULL;NULL;NULL;NULL;NULL;NULL;NULL;NULL;NULL;NULL;NULL;NULL;NULL;NULL;NULL;NULL;NULL;NULL;NULL;NULL;NULL;NULL;16/04/2025 14:03
10;NULL;NULL;NULL;NULL;NULL;NULL;NULL;NULL;7.609.375;16.226.563;5.710.938;349.313;198.41;NULL;NULL;NULL;NULL;NULL;NULL;NULL;NULL;NULL;NULL;NULL;NULL;NULL;NULL;NULL;NULL;NULL;NULL;NULL;NULL;NULL;NULL;NULL;NULL;NULL;16/04/2025 14:03
11;NULL;NULL;NULL;NULL;NULL;NULL;NULL;NULL;7.578.125;16.429.688;5.726.563;349.938;198.76;NULL;NULL;NULL;NULL;NULL;NULL;NULL;NULL;NULL;NULL;NULL;NULL;NULL;NULL;NULL;NULL;NULL;NULL;NULL;NULL;NULL;NULL;NULL;NULL;NULL;16/04/2025 14:03
12;NULL;NULL;NULL;NULL;NULL;NULL;NULL;NULL;7.742.188;16.484.375;5.710.938;348.875;198.16;NULL;NULL;NULL;NULL;NULL;NULL;NULL;NULL;NULL;NULL;NULL;NULL;NULL;NULL;NULL;NULL;NULL;NULL;NULL;NULL;NULL;NULL;NULL;NULL;NULL;16/04/2025 14:03
13;NULL;NULL;NULL;NULL;NULL;NULL;NULL;NULL;7.804.688;16.937.500;5.734.375;349.938;198.76;NULL;NULL;NULL;NULL;NULL;NULL;NULL;NULL;NULL;NULL;NULL;NULL;NULL;NULL;NULL;NULL;NULL;NULL;NULL;NULL;NULL;NULL;NULL;NULL;NULL;16/04/2025 14:03
14;NULL;NULL;NULL;NULL;NULL;NULL;NULL;NULL;7.765.625;16.671.875;5.710.938;349.813;198.69;NULL;NULL;NULL;NULL;NULL;NULL;NULL;NULL;NULL;NULL;NULL;NULL;NULL;NULL;NULL;NULL;NULL;NULL;NULL;NULL;NULL;NULL;NULL;NULL;NULL;16/04/2025 14:03
15;NULL;NULL;NULL;NULL;NULL;NULL;NULL;NULL;7.757.813;16.632.813;5.710.938;350.188;198.90;NULL;NULL;NULL;NULL;NULL;NULL;NULL;NULL;NULL;NULL;NULL;NULL;NULL;NULL;NULL;NULL;NULL;NULL;NULL;NULL;NULL;NULL;NULL;NULL;NULL;16/04/2025 14:03
16;NULL;NULL;NULL;NULL;NULL;NULL;NULL;NULL;7.937.500;16.882.813;5.695.313;350.000;198.80;NULL;NULL;NULL;NULL;NULL;NULL;NULL;NULL;NULL;NULL;NULL;NULL;NULL;NULL;NULL;NULL;NULL;NULL;NULL;NULL;NULL;NULL;NULL;NULL;NULL;16/04/2025 14:03
17;NULL;NULL;NULL;NULL;NULL;NULL;NULL;NULL;7.742.188;16.531.250;5.703.125;350.313;198.98;NULL;NULL;NULL;NULL;NULL;NULL;NULL;NULL;NULL;NULL;NULL;NULL;NULL;NULL;NULL;NULL;NULL;NULL;NULL;NULL;NULL;NULL;NULL;NULL;NULL;16/04/2025 14:03
18;NULL;NULL;NULL;NULL;NULL;NULL;NULL;NULL;7.804.688;16.554.688;5.726.563;350.875;199.29;NULL;NULL;NULL;NULL;NULL;NULL;NULL;NULL;NULL;NULL;NULL;NULL;NULL;NULL;NULL;NULL;NULL;NULL;NULL;NULL;NULL;NULL;NULL;NULL;NULL;16/04/2025 14:03
19;NULL;NULL;NULL;NULL;NULL;NULL;NULL;NULL;7.773.438;16.703.125;5.742.188;349.688;198.62;NULL;NULL;NULL;NULL;NULL;NULL;NULL;NULL;NULL;NULL;NULL;NULL;NULL;NULL;NULL;NULL;NULL;NULL;NULL;NULL;NULL;NULL;NULL;NULL;NULL;16/04/2025 14:03
20;NULL;NULL;NULL;NULL;NULL;NULL;NULL;NULL;8.062.500;16.906.250;5.796.875;350.188;198.90;NULL;NULL;NULL;NULL;NULL;NULL;NULL;NULL;NULL;NULL;NULL;NULL;NULL;NULL;NULL;NULL;NULL;NULL;NULL;NULL;NULL;NULL;NULL;NULL;NULL;16/04/2025 14:03
21;NULL;NULL;NULL;NULL;NULL;NULL;NULL;NULL;8.156.250;17.164.063;5.789.063;350.500;199.08;NULL;NULL;NULL;NULL;NULL;NULL;NULL;NULL;NULL;NULL;NULL;NULL;NULL;NULL;NULL;NULL;NULL;NULL;NULL;NULL;NULL;NULL;NULL;NULL;NULL;16/04/2025 14:03
22;NULL;NULL;NULL;NULL;NULL;NULL;NULL;NULL;7.812.500;16.703.125;5.710.938;350.000;198.80;NULL;NULL;NULL;NULL;NULL;NULL;NULL;NULL;NULL;NULL;NULL;NULL;NULL;NULL;NULL;NULL;NULL;NULL;NULL;NULL;NULL;NULL;NULL;NULL;NULL;16/04/2025 14:03
23;NULL;NULL;NULL;NULL;NULL;NULL;NULL;NULL;7.820.313;16.562.500;5.710.938;350.125;198.87;NULL;NULL;NULL;NULL;NULL;NULL;NULL;NULL;NULL;NULL;NULL;NULL;NULL;NULL;NULL;NULL;NULL;NULL;NULL;NULL;NULL;NULL;NULL;NULL;NULL;16/04/2025 14:03
24;NULL;NULL;NULL;NULL;NULL;NULL;NULL;NULL;7.820.313;16.726.563;5.664.063;349.375;198.44;NULL;NULL;NULL;NULL;NULL;NULL;NULL;NULL;NULL;NULL;NULL;NULL;NULL;NULL;NULL;NULL;NULL;NULL;NULL;NULL;NULL;NULL;NULL;NULL;NULL;16/04/2025 14:03
25;NULL;NULL;NULL;NULL;NULL;NULL;NULL;NULL;7.765.625;16.718.750;5.718.750;350.313;198.98;NULL;NULL;NULL;NULL;NULL;NULL;NULL;NULL;NULL;NULL;NULL;NULL;NULL;NULL;NULL;NULL;NULL;NULL;NULL;NULL;NULL;NULL;NULL;NULL;NULL;16/04/2025 14:03
26;NULL;NULL;NULL;NULL;NULL;NULL;NULL;NULL;7.796.875;16.640.625;5.718.750;350.063;198.83;NULL;NULL;NULL;NULL;NULL;NULL;NULL;NULL;NULL;NULL;NULL;NULL;NULL;NULL;NULL;NULL;NULL;NULL;NULL;NULL;NULL;NULL;NULL;NULL;NULL;16/04/2025 14:03
27;NULL;NULL;NULL;NULL;NULL;NULL;NULL;NULL;7.445.313;16.195.313;5.695.313;350.188;198.90;NULL;NULL;NULL;NULL;NULL;NULL;NULL;NULL;NULL;NULL;NULL;NULL;NULL;NULL;NULL;NULL;NULL;NULL;NULL;NULL;NULL;NULL;NULL;NULL;NULL;16/04/2025 14:03
28;NULL;NULL;NULL;NULL;NULL;NULL;NULL;NULL;7.664.063;16.601.563;5.718.750;350.063;198.83;NULL;NULL;NULL;NULL;NULL;NULL;NULL;NULL;NULL;NULL;NULL;NULL;NULL;NULL;NULL;NULL;NULL;NULL;NULL;NULL;NULL;NULL;NULL;NULL;NULL;16/04/2025 14:03
29;NULL;NULL;NULL;NULL;NULL;NULL;NULL;NULL;7.476.563;16.445.313;5.703.125;349.813;198.69;NULL;NULL;NULL;NULL;NULL;NULL;NULL;NULL;NULL;NULL;NULL;NULL;NULL;NULL;NULL;NULL;NULL;NULL;NULL;NULL;NULL;NULL;NULL;NULL;NULL;16/04/2025 14:03
30;NULL;NULL;NULL;NULL;NULL;NULL;NULL;NULL;7.578.125;16.070.313;5.726.563;348.938;198.19;NULL;NULL;NULL;NULL;NULL;NULL;NULL;NULL;NULL;NULL;NULL;NULL;NULL;NULL;NULL;NULL;NULL;NULL;NULL;NULL;NULL;NULL;NULL;NULL;NULL;16/04/2025 14:03
31;NULL;NULL;NULL;NULL;NULL;NULL;NULL;NULL;7.640.625;16.351.563;5.718.750;348.563;197.98;NULL;NULL;NULL;NULL;NULL;NULL;NULL;NULL;NULL;NULL;NULL;NULL;NULL;NULL;NULL;NULL;NULL;NULL;NULL;NULL;NULL;NULL;NULL;NULL;NULL;16/04/2025 14:03
32;NULL;NULL;NULL;NULL;NULL;NULL;NULL;NULL;7.414.063;15.804.688;5.671.875;350.250;198.94;NULL;NULL;NULL;NULL;NULL;NULL;NULL;NULL;NULL;NULL;NULL;NULL;NULL;NULL;NULL;NULL;NULL;NULL;NULL;NULL;NULL;NULL;NULL;NULL;NULL;16/04/2025 14:03
33;NULL;NULL;NULL;NULL;NULL;NULL;NULL;NULL;7.781.250;16.242.188;5.687.500;349.875;198.73;NULL;NULL;NULL;NULL;NULL;NULL;NULL;NULL;NULL;NULL;NULL;NULL;NULL;NULL;NULL;NULL;NULL;NULL;NULL;NULL;NULL;NULL;NULL;NULL;NULL;16/04/2025 14:03
34;NULL;NULL;NULL;NULL;NULL;NULL;NULL;NULL;7.757.813;16.187.500;5.671.875;350.438;199.05;NULL;NULL;NULL;NULL;NULL;NULL;NULL;NULL;NULL;NULL;NULL;NULL;NULL;NULL;NULL;NULL;NULL;NULL;NULL;NULL;NULL;NULL;NULL;NULL;NULL;16/04/2025 14:04
35;NULL;NULL;NULL;NULL;NULL;NULL;NULL;NULL;7.632.813;16.429.688;5.703.125;348.313;197.84;NULL;NULL;NULL;NULL;NULL;NULL;NULL;NULL;NULL;NULL;NULL;NULL;NULL;NULL;NULL;NULL;NULL;NULL;NULL;NULL;NULL;NULL;NULL;NULL;NULL;16/04/2025 14:05
36;NULL;NULL;NULL;NULL;NULL;NULL;NULL;NULL;7.726.563;16.320.313;5.742.188;351.688;199.76;NULL;NULL;NULL;NULL;NULL;NULL;NULL;NULL;NULL;NULL;NULL;NULL;NULL;NULL;NULL;NULL;NULL;NULL;NULL;NULL;NULL;NULL;NULL;NULL;NULL;16/04/2025 14:06
37;NULL;NULL;NULL;NULL;NULL;NULL;NULL;NULL;7.750.000;16.179.688;5.671.875;350.500;199.08;NULL;NULL;NULL;NULL;NULL;NULL;NULL;NULL;NULL;NULL;NULL;NULL;NULL;NULL;NULL;NULL;NULL;NULL;NULL;NULL;NULL;NULL;NULL;NULL;NULL;16/04/2025 14:07
38;NULL;NULL;NULL;NULL;NULL;NULL;NULL;NULL;7.765.625;16.164.063;5.648.438;350.688;199.19;NULL;NULL;NULL;NULL;NULL;NULL;NULL;NULL;NULL;NULL;NULL;NULL;NULL;NULL;NULL;NULL;NULL;NULL;NULL;NULL;NULL;NULL;NULL;NULL;NULL;16/04/2025 14:08
39;NULL;NULL;NULL;NULL;NULL;NULL;NULL;NULL;7.664.063;16.015.625;5.734.375;349.938;198.76;NULL;NULL;NULL;NULL;NULL;NULL;NULL;NULL;NULL;NULL;NULL;NULL;NULL;NULL;NULL;NULL;NULL;NULL;NULL;NULL;NULL;NULL;NULL;NULL;NULL;16/04/2025 14:09
40;NULL;NULL;NULL;NULL;NULL;NULL;NULL;NULL;7.671.875;16.000.000;5.664.063;349.313;198.41;NULL;NULL;NULL;NULL;NULL;NULL;NULL;NULL;NULL;NULL;NULL;NULL;NULL;NULL;NULL;NULL;NULL;NULL;NULL;NULL;NULL;NULL;NULL;NULL;NULL;16/04/2025 14:10
41;NULL;NULL;NULL;NULL;NULL;NULL;NULL;NULL;7.531.250;15.687.500;5.671.875;349.313;198.41;NULL;NULL;NULL;NULL;NULL;NULL;NULL;NULL;NULL;NULL;NULL;NULL;NULL;NULL;NULL;NULL;NULL;NULL;NULL;NULL;NULL;NULL;NULL;NULL;NULL;16/04/2025 14:11
42;NULL;NULL;NULL;NULL;NULL;NULL;NULL;NULL;7.476.563;15.726.563;5.695.313;349.438;198.48;NULL;NULL;NULL;NULL;NULL;NULL;NULL;NULL;NULL;NULL;NULL;NULL;NULL;NULL;NULL;NULL;NULL;NULL;NULL;NULL;NULL;NULL;NULL;NULL;NULL;16/04/2025 14:12
43;NULL;NULL;NULL;NULL;NULL;NULL;NULL;NULL;7.507.813;15.968.750;5.671.875;349.375;198.44;NULL;NULL;NULL;NULL;NULL;NULL;NULL;NULL;NULL;NULL;NULL;NULL;NULL;NULL;NULL;NULL;NULL;NULL;NULL;NULL;NULL;NULL;NULL;NULL;NULL;16/04/2025 14:13
44;NULL;NULL;NULL;NULL;NULL;NULL;NULL;NULL;7.468.750;15.664.063;5.710.938;349.125;198.30;NULL;NULL;NULL;NULL;NULL;NULL;NULL;NULL;NULL;NULL;NULL;NULL;NULL;NULL;NULL;NULL;NULL;NULL;NULL;NULL;NULL;NULL;NULL;NULL;NULL;16/04/2025 14:14
45;NULL;NULL;NULL;NULL;NULL;NULL;NULL;NULL;7.523.438;15.523.438;5.625.000;350.313;198.98;NULL;NULL;NULL;NULL;NULL;NULL;NULL;NULL;NULL;NULL;NULL;NULL;NULL;NULL;NULL;NULL;NULL;NULL;NULL;NULL;NULL;NULL;NULL;NULL;NULL;16/04/2025 14:15
46;NULL;NULL;NULL;NULL;NULL;NULL;NULL;NULL;7.562.500;15.820.313;5.687.500;349.250;198.37;NULL;NULL;NULL;NULL;NULL;NULL;NULL;NULL;NULL;NULL;NULL;NULL;NULL;NULL;NULL;NULL;NULL;NULL;NULL;NULL;NULL;NULL;NULL;NULL;NULL;16/04/2025 14:16
47;NULL;NULL;NULL;NULL;NULL;NULL;NULL;NULL;7.687.500;16.078.125;5.718.750;349.500;198.51;NULL;NULL;NULL;NULL;NULL;NULL;NULL;NULL;NULL;NULL;NULL;NULL;NULL;NULL;NULL;NULL;NULL;NULL;NULL;NULL;NULL;NULL;NULL;NULL;NULL;16/04/2025 14:17
48;Volkswagen-Sao_Bernardo_03;1;NULL;NULL;NULL;NULL;NULL;NULL;7.718.750;16.234.375;5.726.563;350.438;199.05;45;36;50;55;40;30;582;525;7.060.000;7.360.000;6.600.000;1;1;0;0;0;0;0;0;0;0;0;0;0;0;16/04/2025 14:21
49;Volkswagen-Sao_Bernardo_03;1;NULL;NULL;NULL;NULL;NULL;NULL;7.984.375;16.593.750;5.718.750;350.250;198.94;45;36;50;55;40;30;582;525;7.060.000;7.360.000;6.600.000;1;1;0;0;0;0;0;0;0;0;0;0;0;0;16/04/2025 14:22
50;Volkswagen-Sao_Bernardo_03;1;NULL;NULL;NULL;NULL;NULL;NULL;7.835.938;16.406.250;5.734.375;349.875;198.73;45;36;50;55;40;30;582;525;7.060.000;7.360.000;6.600.000;1;1;0;0;0;0;0;0;0;0;0;0;0;0;16/04/2025 14:23
51;Volkswagen-Sao_Bernardo_03;1;NULL;NULL;NULL;NULL;NULL;NULL;7.867.188;16.468.750;5.734.375;350.375;199.01;45;36;50;55;40;30;582;525;7.060.000;7.360.000;6.600.000;1;1;0;0;0;0;0;0;0;0;0;0;0;0;16/04/2025 14:24
52;Volkswagen-Sao_Bernardo_03;1;NULL;NULL;NULL;NULL;NULL;NULL;7.812.500;16.210.938;5.695.313;348.813;198.12;45;36;50;55;40;30;582;525;7.060.000;7.360.000;6.600.000;1;1;0;0;0;0;0;0;0;0;0;0;0;0;16/04/2025 14:25
53;Volkswagen-Sao_Bernardo_03;1;NULL;NULL;NULL;NULL;NULL;NULL;7.796.875;16.304.688;5.718.750;349.438;198.48;45;36;50;55;39;30;583;525;7.060.000;7.360.000;6.600.000;1;1;0;0;0;0;0;0;0;0;0;0;0;0;16/04/2025 14:26
54;Volkswagen-Sao_Bernardo_03;1;NULL;NULL;NULL;NULL;NULL;NULL;7.492.188;15.812.500;5.710.938;348.563;197.98;45;36;50;55;39;30;583;525;7.060.000;7.360.000;6.600.000;1;1;0;0;0;0;0;0;0;0;0;0;0;0;16/04/2025 14:27
55;Volkswagen-Sao_Bernardo_03;1;NULL;NULL;NULL;NULL;NULL;NULL;7.578.125;15.703.125;5.718.750;349.750;198.66;45;36;50;55;39;30;583;525;7.060.000;7.360.000;6.600.000;1;1;0;0;0;0;0;0;0;0;0;0;0;0;16/04/2025 14:28
56;Volkswagen-Sao_Bernardo_03;1;NULL;NULL;NULL;NULL;NULL;NULL;7.539.063;15.734.375;5.664.063;350.188;198.90;45;36;50;55;39;30;583;525;7.060.000;7.360.000;6.600.000;1;1;0;0;0;0;0;0;0;0;0;0;0;0;16/04/2025 14:29
57;Volkswagen-Sao_Bernardo_03;1;NULL;NULL;NULL;NULL;NULL;NULL;7.546.875;15.687.500;5.656.250;350.438;199.05;45;36;50;55;39;30;583;525;7.060.000;7.360.000;6.600.000;1;1;0;0;0;0;0;0;0;0;0;0;0;0;16/04/2025 14:30
58;Volkswagen-Sao_Bernardo_03;1;NULL;NULL;NULL;NULL;NULL;NULL;7.921.875;16.335.938;5.679.688;350.438;199.05;45;36;50;55;38;30;583;525;7.060.000;7.360.000;6.600.000;1;1;0;0;0;0;0;0;0;0;0;0;0;0;16/04/2025 14:31
59;Volkswagen-Sao_Bernardo_03;1;NULL;NULL;NULL;NULL;NULL;NULL;7.812.500;16.203.125;5.718.750;349.813;198.69;45;36;50;55;38;30;583;525;7.060.000;7.360.000;6.600.000;1;1;0;0;0;0;0;0;0;0;0;0;0;0;16/04/2025 14:32
60;Volkswagen-Sao_Bernardo_03;1;1;54.019.398;72.082.909;7.022.812;7.037.813;2.362.187;7.734.375;16.242.188;5.718.750;351.188;199.47;45;36;50;55;38;30;583;525;7.060.000;7.360.000;6.600.000;1;1;0;0;0;0;0;0;0;0;0;0;0;0;16/04/2025 14:33
61;Volkswagen-Sao_Bernardo_03;1;1;53.953.640;72.633.247;7.035.937;7.051.875;2.380.625;7.757.813;16.140.625;5.695.313;350.938;199.33;45;36;50;55;38;30;583;525;7.060.000;7.360.000;6.600.000;1;1;0;0;0;0;0;0;0;0;0;0;0;0;16/04/2025 14:34
62;Volkswagen-Sao_Bernardo_03;1;1;54.101.597;71.025.124;7.131.563;7.141.875;2.372.500;7.414.063;15.796.875;5.656.250;351.500;199.65;45;36;50;55;38;30;583;525;7.060.000;7.360.000;6.600.000;1;1;0;0;0;0;0;0;0;0;0;0;0;0;16/04/2025 14:35
63;Volkswagen-Sao_Bernardo_03;1;1;53.246.754;71.938.652;7.077.188;7.089.375;2.369.375;7.523.438;16.179.688;5.695.313;348.250;197.80;45;36;50;55;38;30;583;525;7.060.000;7.360.000;6.600.000;1;1;0;0;0;0;0;0;0;0;0;0;0;0;16/04/2025 14:36
64;Volkswagen-Sao_Bernardo_03;1;1;53.509.781;72.549.484;7.108.125;7.120.313;2.366.563;7.390.625;16.031.250;5.703.125;349.250;198.37;45;36;50;55;38;30;583;525;7.060.000;7.360.000;6.600.000;1;1;0;0;0;0;0;0;0;0;0;0;0;0;16/04/2025 14:37
65;Volkswagen-Sao_Bernardo_03;1;1;53.624.855;70.878.036;7.118.437;7.129.687;2.360.312;7.531.250;16.289.063;5.703.125;349.688;198.62;45;36;50;55;38;31;583;525;7.060.000;7.360.000;6.600.000;1;1;0;0;0;0;0;0;0;0;0;0;0;0;16/04/2025 14:38
66;Volkswagen-Sao_Bernardo_03;1;1;53.493.343;71.556.725;7.096.875;7.107.187;2.377.500;7.742.188;16.453.125;5.750.000;349.188;198.34;45;36;50;55;37;31;583;525;7.060.000;7.360.000;6.600.000;1;1;0;0;0;0;0;0;0;0;0;0;0;0;16/04/2025 14:39
67;Volkswagen-Sao_Bernardo_03;1;1;53.559.097;71.556.725;7.050.000;7.058.437;2.368.125;7.828.125;16.492.188;5.734.375;348.875;198.16;45;36;50;55;37;31;583;525;7.060.000;7.360.000;6.600.000;1;1;0;0;0;0;0;0;0;0;0;0;0;0;16/04/2025 14:40
68;Volkswagen-Sao_Bernardo_03;1;1;53.887.882;71.556.725;7.018.125;7.028.438;2.364.687;7.625.000;15.921.875;5.703.125;350.688;199.19;45;36;50;55;37;31;583;525;7.060.000;7.360.000;6.600.000;1;1;0;0;0;0;0;0;0;0;0;0;0;0;16/04/2025 14:41
69;Volkswagen-Sao_Bernardo_03;1;1;53.641.296;70.781.288;7.071.562;7.079.062;2.375.625;7.617.188;15.757.813;5.703.125;349.750;198.66;45;36;50;55;37;31;583;525;7.060.000;7.360.000;6.600.000;1;1;0;0;0;0;0;0;0;0;0;0;0;0;16/04/2025 14:42
70;Volkswagen-Sao_Bernardo_03;1;1;53.838.566;70.751.381;7.086.563;7.095.938;2.382.813;7.593.750;15.710.938;5.648.438;350.500;199.08;45;36;50;55;37;31;583;525;7.060.000;7.360.000;6.600.000;1;1;0;0;0;0;0;0;0;0;0;0;0;0;16/04/2025 14:43
71;Volkswagen-Sao_Bernardo_03;1;1;53.904.324;72.431.915;7.047.187;7.061.250;2.366.563;7.796.875;16.320.313;5.718.750;350.563;199.12;45;36;50;55;37;31;583;525;7.060.000;7.360.000;6.600.000;1;1;0;0;0;0;0;0;0;0;0;0;0;0;16/04/2025 14:44
72;Volkswagen-Sao_Bernardo_03;1;1;53.279.633;70.679.832;7.044.375;7.050.938;2.368.125;7.523.438;16.226.563;5.703.125;348.375;197.87;45;36;50;55;37;31;583;525;7.060.000;7.360.000;6.600.000;1;1;0;0;0;0;0;0;0;0;0;0;0;0;16/04/2025 14:45
73;Volkswagen-Sao_Bernardo_03;1;1;53.953.640;70.679.832;7.061.250;7.067.812;2.360.938;7.875.000;16.570.313;5.734.375;350.938;199.33;45;36;50;55;37;31;583;525;7.060.000;7.360.000;6.600.000;1;1;0;0;0;0;0;0;0;0;0;0;0;0;16/04/2025 14:46
74;Volkswagen-Sao_Bernardo_03;1;1;53.756.371;70.679.832;7.062.188;7.070.625;2.361.875;7.875.000;16.585.938;5.726.563;350.188;198.90;45;36;50;55;37;31;583;525;7.060.000;7.360.000;6.600.000;1;1;0;0;0;0;0;0;0;0;0;0;0;0;16/04/2025 14:47
75;Volkswagen-Sao_Bernardo_03;1;1;53.559.097;70.910.645;7.106.250;7.118.437;2.358.125;7.351.563;15.664.063;5.703.125;349.438;198.48;45;36;50;55;38;31;583;525;7.060.000;7.360.000;6.600.000;1;1;0;0;0;0;0;0;0;0;0;0;0;0;16/04/2025 14:48
76;Volkswagen-Sao_Bernardo_03;1;1;53.608.418;70.398.529;7.091.250;7.100.625;2.354.687;7.507.813;15.531.250;5.656.250;349.625;198.58;45;36;50;55;38;31;583;525;7.060.000;7.360.000;6.600.000;1;1;0;0;0;0;0;0;0;0;0;0;0;0;16/04/2025 14:49
77;Volkswagen-Sao_Bernardo_03;1;1;53.641.296;72.748.207;7.073.438;7.089.375;2.370.000;7.750.000;16.125.000;5.679.688;349.750;198.66;45;36;50;55;38;31;583;525;7.060.000;7.360.000;6.600.000;1;1;0;0;0;0;0;0;0;0;0;0;0;0;16/04/2025 14:50
78;Volkswagen-Sao_Bernardo_03;1;1;53.970.081;72.074.997;7.062.188;7.071.562;2.369.375;7.695.313;16.109.375;5.710.938;351.000;199.37;45;36;50;55;39;31;583;525;7.060.000;7.360.000;6.600.000;1;1;0;0;0;0;0;0;0;0;0;0;0;0;16/04/2025 14:51
79;Volkswagen-Sao_Bernardo_03;1;1;54.068.718;72.979.576;7.084.688;7.095.938;2.367.500;7.710.938;16.140.625;5.703.125;351.375;199.58;45;36;50;55;39;31;583;525;7.060.000;7.360.000;6.600.000;1;1;0;0;0;0;0;0;0;0;0;0;0;0;16/04/2025 14:52
80;Volkswagen-Sao_Bernardo_03;1;1;53.542.660;72.400.383;7.099.688;7.112.813;2.384.687;7.484.375;16.132.813;5.703.125;349.500;198.51;45;36;50;55;39;31;583;525;7.060.000;7.360.000;6.600.000;1;1;0;0;0;0;0;0;0;0;0;0;0;0;16/04/2025 14:53
81;Volkswagen-Sao_Bernardo_03;1;1;53.953.640;71.617.966;7.058.437;7.070.625;2.384.687;7.742.188;16.695.313;5.757.813;350.938;199.33;45;36;50;56;40;31;583;525;7.060.000;7.360.000;6.600.000;1;1;0;0;0;0;0;0;0;0;0;0;0;0;16/04/2025 14:54
82;Volkswagen-Sao_Bernardo_03;1;1;54.413.940;70.692.535;7.005.938;7.017.188;2.364.687;7.937.500;16.671.875;5.742.188;352.688;200.32;45;36;50;56;40;31;583;525;7.060.000;7.360.000;6.600.000;1;1;0;0;0;0;0;0;0;0;0;0;0;0;16/04/2025 14:55
83;Volkswagen-Sao_Bernardo_03;1;1;53.789.249;70.870.827;7.073.438;7.083.750;2.368.750;7.515.625;15.882.813;5.703.125;350.313;198.98;45;36;50;56;40;31;583;525;7.060.000;7.360.000;6.600.000;1;1;0;0;0;0;0;0;0;0;0;0;0;0;16/04/2025 14:56
84;Volkswagen-Sao_Bernardo_03;1;1;53.731.712;70.431.458;7.113.750;7.121.250;2.380.938;7.460.938;15.750.000;5.687.500;350.125;198.87;45;36;50;56;40;31;583;525;7.060.000;7.360.000;6.600.000;1;1;0;0;0;0;0;0;0;0;0;0;0;0;16/04/2025 14:57
85;Volkswagen-Sao_Bernardo_03;1;1;53.838.566;71.088.326;7.094.062;7.102.500;2.362.187;7.609.375;15.937.500;5.664.063;350.500;199.08;45;36;50;56;40;31;583;526;7.060.000;7.360.000;6.600.000;1;1;0;0;0;0;0;0;0;0;0;0;0;0;16/04/2025 14:58
86;Volkswagen-Sao_Bernardo_03;1;1;53.608.418;67.881.927;7.132.500;7.140.937;2.386.875;7.437.500;15.992.188;5.726.563;349.625;198.58;45;36;50;56;40;31;583;526;7.060.000;7.360.000;6.600.000;1;1;0;0;0;0;0;0;0;0;0;0;0;0;16/04/2025 14:59
87;Volkswagen-Sao_Bernardo_03;1;1;53.723.492;68.395.256;7.114.687;7.120.313;2.377.812;7.539.063;15.976.563;5.718.750;350.063;198.83;45;36;50;56;40;31;583;526;7.060.000;7.360.000;6.600.000;1;1;0;0;0;0;0;0;0;0;0;0;0;0;16/04/2025 15:00
88;Volkswagen-Sao_Bernardo_03;1;1;53.657.734;70.733.871;7.111.875;7.123.125;2.380.938;7.406.250;16.187.500;5.695.313;349.813;198.69;45;36;50;56;40;31;583;526;7.060.000;7.360.000;6.600.000;1;1;0;0;0;0;0;0;0;0;0;0;0;0;16/04/2025 15:01
89;Volkswagen-Sao_Bernardo_03;1;1;53.624.855;69.195.160;7.026.563;7.034.062;2.362.187;7.890.625;16.664.063;5.742.188;349.688;198.62;45;36;50;56;40;31;583;526;7.060.000;7.360.000;6.600.000;1;1;0;0;0;0;0;0;0;0;0;0;0;0;16/04/2025 15:02
90;Volkswagen-Sao_Bernardo_03;1;1;53.608.418;71.310.562;6.988.125;6.992.813;2.368.750;7.828.125;16.210.938;5.734.375;349.625;198.58;45;36;50;56;40;31;583;526;7.060.000;7.360.000;6.600.000;1;1;0;0;0;0;0;0;0;0;0;0;0;0;16/04/2025 15:03
91;Volkswagen-Sao_Bernardo_03;1;1;53.690.613;69.815.544;7.040.625;7.045.312;2.371.875;7.570.313;15.984.375;5.679.688;349.938;198.76;45;36;50;56;40;31;583;526;7.060.000;7.360.000;6.600.000;1;1;0;0;0;0;0;0;0;0;0;0;0;0;16/04/2025 15:04
92;Volkswagen-Sao_Bernardo_03;1;1;53.838.566;70.042.320;7.080.000;7.084.688;2.360.312;7.578.125;15.976.563;5.726.563;350.500;199.08;45;36;50;56;40;31;583;526;7.060.000;7.360.000;6.600.000;1;1;0;0;0;0;0;0;0;0;0;0;0;0;16/04/2025 15:05
93;Volkswagen-Sao_Bernardo_03;1;1;53.723.492;69.837.997;7.130.625;7.140.000;2.366.875;7.296.875;15.867.188;5.671.875;350.250;198.94;45;36;50;56;40;31;583;526;7.060.000;7.360.000;6.600.000;1;1;0;0;0;0;0;0;0;0;0;0;0;0;16/04/2025 15:06
94;Volkswagen-Sao_Bernardo_03;1;1;53.772.812;69.297.646;7.122.188;7.129.687;2.369.062;7.554.688;16.367.188;5.742.188;350.250;198.94;45;36;50;56;40;31;583;526;7.060.000;7.360.000;6.600.000;1;1;0;0;0;0;0;0;0;0;0;0;0;0;16/04/2025 15:07
95;Volkswagen-Sao_Bernardo_03;1;1;53.690.613;71.239.548;7.055.625;7.064.063;2.369.688;7.742.188;16.500.000;5.765.625;349.938;198.76;45;36;50;56;40;31;583;526;7.060.000;7.360.000;6.600.000;1;1;0;0;0;0;0;0;0;0;0;0;0;0;16/04/2025 15:08
96;Volkswagen-Sao_Bernardo_03;1;1;53.509.781;70.161.728;7.030.313;7.037.813;2.377.500;7.500.000;15.890.625;5.664.063;349.250;198.37;45;36;50;56;40;31;583;526;7.060.000;7.360.000;6.600.000;1;1;0;0;0;0;0;0;0;0;0;0;0;0;16/04/2025 15:09
97;Volkswagen-Sao_Bernardo_03;1;1;54.118.034;70.937.927;7.077.188;7.083.750;2.366.875;7.593.750;15.921.875;5.710.938;351.563;199.69;45;36;50;56;40;31;583;526;7.060.000;7.360.000;6.600.000;1;1;0;0;0;0;0;0;0;0;0;0;0;0;16/04/2025 15:10
98;Volkswagen-Sao_Bernardo_03;1;1;53.164.558;70.937.927;7.040.625;7.048.125;2.355.625;7.585.938;16.289.063;5.703.125;347.938;197.63;45;36;50;56;40;31;583;526;7.060.000;7.360.000;6.600.000;1;1;0;0;0;0;0;0;0;0;0;0;0;0;16/04/2025 15:11
99;Volkswagen-Sao_Bernardo_03;1;1;53.230.316;70.937.927;7.051.875;7.058.437;2.370.000;7.945.313;16.718.750;5.765.625;348.188;197.77;45;36;50;56;40;31;583;526;7.060.000;7.360.000;6.600.000;1;1;0;0;0;0;0;0;0;0;0;0;0;0;16/04/2025 15:12
100;Volkswagen-Sao_Bernardo_03;1;1;53.279.633;70.757.355;7.070.625;7.075.313;2.365.937;7.601.563;15.875.000;5.703.125;348.375;197.87;45;36;50;56;39;31;583;526;7.060.000;7.360.000;6.600.000;1;1;0;0;0;0;0;0;0;0;0;0;0;0;16/04/2025 15:13
101;Volkswagen-Sao_Bernardo_03;1;1;53.953.640;70.609.596;7.075.313;7.082.812;2.361.875;7.484.375;15.726.563;5.671.875;350.938;199.33;45;36;50;56;39;31;583;526;7.060.000;7.360.000;6.600.000;1;1;0;0;0;0;0;0;0;0;0;0;0;0;16/04/2025 15:14
102;Volkswagen-Sao_Bernardo_03;1;1;53.731.712;70.855.179;7.098.750;7.110.000;2.369.375;7.687.500;16.023.438;5.710.938;349.938;198.76;45;36;50;56;39;31;583;526;7.060.000;7.360.000;6.600.000;1;1;0;0;0;0;0;0;0;0;0;0;0;0;16/04/2025 15:15
103;Volkswagen-Sao_Bernardo_03;1;1;53.641.296;71.361.320;7.091.250;7.099.688;2.372.188;7.625.000;16.078.125;5.726.563;349.750;198.66;45;36;50;56;38;31;583;526;7.060.000;7.360.000;6.600.000;1;1;0;0;0;0;0;0;0;0;0;0;0;0;16/04/2025 15:16
104;Volkswagen-Sao_Bernardo_03;1;1;53.657.734;71.762.886;7.049.063;7.062.188;2.368.750;7.562.500;16.351.563;5.664.063;349.813;198.69;45;36;50;56;38;31;583;526;7.060.000;7.360.000;6.600.000;1;1;0;0;0;0;0;0;0;0;0;0;0;0;16/04/2025 15:17
105;Volkswagen-Sao_Bernardo_03;1;1;54.298.866;70.454.033;7.028.438;7.036.875;2.362.187;7.796.875;16.531.250;5.750.000;352.250;200.08;45;36;50;56;38;31;583;526;7.060.000;7.360.000;6.600.000;1;1;0;0;0;0;0;0;0;0;0;0;0;0;16/04/2025 15:18
106;Volkswagen-Sao_Bernardo_03;1;1;53.246.754;71.712.952;7.064.063;7.074.375;2.360.938;7.390.625;15.789.063;5.687.500;348.250;197.80;45;36;50;56;38;31;583;526;7.060.000;7.360.000;6.600.000;1;1;0;0;0;0;0;0;0;0;0;0;0;0;16/04/2025 15:19
107;Volkswagen-Sao_Bernardo_03;1;1;53.920.765;70.889.519;7.082.812;7.093.125;2.367.812;7.632.813;15.859.375;5.703.125;350.813;199.26;45;36;50;56;38;31;583;526;7.060.000;7.360.000;6.600.000;1;1;0;0;0;0;0;0;0;0;0;0;0;0;16/04/2025 15:20
108;Volkswagen-Sao_Bernardo_03;1;1;53.575.539;70.889.519;7.020.000;7.028.438;2.361.562;7.531.250;16.085.938;5.695.313;349.500;198.51;45;36;50;56;38;31;583;526;7.060.000;7.360.000;6.600.000;1;1;0;0;0;0;0;0;0;0;0;0;0;0;16/04/2025 15:21
109;Volkswagen-Sao_Bernardo_03;1;1;53.789.249;71.252.686;7.071.562;7.080.000;2.357.188;7.695.313;16.515.625;5.742.188;350.313;198.98;45;36;50;56;38;31;583;526;7.060.000;7.360.000;6.600.000;1;1;0;0;0;0;0;0;0;0;0;0;0;0;16/04/2025 15:22
110;Volkswagen-Sao_Bernardo_03;1;1;54.068.718;71.827.827;7.067.812;7.077.188;2.361.562;7.640.625;16.125.000;5.687.500;351.375;199.58;45;36;50;56;38;31;583;526;7.060.000;7.360.000;6.600.000;1;1;0;0;0;0;0;0;0;0;0;0;0;0;16/04/2025 15:23
111;Volkswagen-Sao_Bernardo_03;1;1;53.805.687;71.911.964;7.083.750;7.095.000;2.371.562;7.625.000;16.257.813;5.726.563;350.375;199.01;45;36;50;56;38;31;583;526;7.060.000;7.360.000;6.600.000;1;1;0;0;0;0;0;0;0;0;0;0;0;0;16/04/2025 15:24
112;Volkswagen-Sao_Bernardo_03;1;1;53.493.343;73.595.497;7.001.250;7.013.437;2.358.125;7.640.625;15.906.250;5.687.500;349.188;198.34;45;36;50;56;38;31;583;526;7.060.000;7.360.000;6.600.000;1;1;0;0;0;0;0;0;0;0;0;0;0;0;16/04/2025 15:25
113;Volkswagen-Sao_Bernardo_03;1;1;53.444.023;72.267.792;7.041.563;7.056.562;2.361.875;7.578.125;15.851.563;5.664.063;349.000;198.23;45;36;50;56;38;31;584;526;7.060.000;7.360.000;6.600.000;1;1;0;0;0;0;0;0;0;0;0;0;0;0;16/04/2025 15:26
114;Volkswagen-Sao_Bernardo_03;1;1;53.871.445;72.897.858;7.075.313;7.087.500;2.369.688;7.710.938;15.984.375;5.710.938;350.625;199.15;45;36;50;56;38;31;584;526;7.060.000;7.360.000;6.600.000;1;1;0;0;0;0;0;0;0;0;0;0;0;0;16/04/2025 15:27
115;Volkswagen-Sao_Bernardo_03;1;1;53.805.687;71.753.387;7.120.313;7.125.000;2.361.562;7.445.313;16.070.313;5.710.938;350.375;199.01;45;36;50;56;38;31;584;526;7.060.000;7.360.000;6.600.000;1;1;0;0;0;0;0;0;0;0;0;0;0;0;16/04/2025 15:28
116;Volkswagen-Sao_Bernardo_03;1;1;54.052.277;71.209.114;7.094.062;7.105.312;2.388.438;7.398.438;16.000.000;5.718.750;351.313;199.54;45;36;50;56;38;31;584;526;7.060.000;7.360.000;6.600.000;1;1;0;0;0;0;0;0;0;0;0;0;0;0;16/04/2025 15:29
117;Volkswagen-Sao_Bernardo_03;1;1;53.460.464;71.209.114;7.040.625;7.050.938;2.381.250;7.625.000;16.148.438;5.710.938;349.063;198.27;45;36;50;56;37;31;584;526;7.060.000;7.360.000;6.600.000;1;1;0;0;0;0;0;0;0;0;0;0;0;0;16/04/2025 15:30
118;Volkswagen-Sao_Bernardo_03;1;1;53.723.492;71.496.910;7.066.875;7.076.250;2.362.500;7.617.188;16.101.563;5.695.313;350.063;198.83;45;36;50;56;38;31;584;526;7.060.000;7.360.000;6.600.000;1;1;0;0;0;0;0;0;0;0;0;0;0;0;16/04/2025 15:31
119;Volkswagen-Sao_Bernardo_03;1;1;53.509.781;71.496.910;7.061.250;7.074.375;2.362.813;7.617.188;16.062.500;5.734.375;349.250;198.37;45;36;50;56;38;31;584;526;7.060.000;7.360.000;6.600.000;1;1;0;0;0;0;0;0;0;0;0;0;0;0;16/04/2025 15:32
120;Volkswagen-Sao_Bernardo_03;1;1;53.970.081;72.279.778;7.023.750;7.036.875;2.363.750;7.789.063;16.242.188;5.710.938;351.000;199.37;45;36;50;56;39;31;584;526;7.060.000;7.360.000;6.600.000;1;1;0;0;0;0;0;0;0;0;0;0;0;0;16/04/2025 15:33
121;Volkswagen-Sao_Bernardo_03;1;1;53.822.128;71.018.677;7.039.688;7.049.063;2.386.875;7.757.813;16.320.313;5.726.563;350.438;199.05;45;37;50;56;39;31;584;526;7.060.000;7.360.000;6.600.000;1;1;0;0;0;0;0;0;0;0;0;0;0;0;16/04/2025 15:34
122;Volkswagen-Sao_Bernardo_03;1;1;54.035.835;71.018.677;7.099.688;7.109.063;2.374.063;7.617.188;15.992.188;5.726.563;351.250;199.51;45;37;50;56;39;31;584;526;7.060.000;7.360.000;6.600.000;1;1;0;0;0;0;0;0;0;0;0;0;0;0;16/04/2025 15:35
123;Volkswagen-Sao_Bernardo_03;1;1;53.887.882;71.017.921;7.095.938;7.104.375;2.375.313;7.539.063;15.875.000;5.703.125;350.688;199.19;45;37;50;56;40;31;584;526;7.060.000;7.360.000;6.600.000;1;1;0;0;0;0;0;0;0;0;0;0;0;0;16/04/2025 15:36
124;Volkswagen-Sao_Bernardo_03;1;1;54.002.960;71.224.350;7.001.250;7.006.875;2.369.062;7.882.813;16.164.063;5.734.375;351.125;199.44;45;36;51;56;40;31;584;526;7.060.000;7.360.000;6.600.000;1;1;0;0;0;0;0;0;0;0;0;0;0;0;16/04/2025 15:37
125;Volkswagen-Sao_Bernardo_03;1;1;53.855.003;74.087.715;7.038.750;7.052.813;2.367.188;7.750.000;15.898.438;5.703.125;350.563;199.12;45;36;51;56;40;31;584;526;7.060.000;7.360.000;6.600.000;1;1;0;0;0;0;0;0;0;0;0;0;0;0;16/04/2025 15:38
126;Volkswagen-Sao_Bernardo_03;1;1;53.986.519;71.713.280;7.036.875;7.047.187;2.377.500;7.679.688;16.007.813;5.703.125;351.063;199.40;45;36;51;56;40;31;584;526;7.060.000;7.360.000;6.600.000;1;1;0;0;0;0;0;0;0;0;0;0;0;0;16/04/2025 15:39
127;Volkswagen-Sao_Bernardo_03;1;1;53.937.202;71.713.280;7.052.813;7.064.063;2.358.438;7.757.813;16.070.313;5.687.500;350.875;199.29;45;36;50;56;40;31;584;526;7.060.000;7.360.000;6.600.000;1;1;0;0;0;0;0;0;0;0;0;0;0;0;16/04/2025 15:40
128;Volkswagen-Sao_Bernardo_03;1;1;53.871.445;71.713.280;7.072.500;7.080.937;2.378.125;7.585.938;15.789.063;5.726.563;350.625;199.15;45;36;50;56;40;31;584;526;7.060.000;7.360.000;6.600.000;1;1;0;0;0;0;0;0;0;0;0;0;0;0;16/04/2025 15:41
129;Volkswagen-Sao_Bernardo_03;1;1;53.789.249;71.151.222;7.112.813;7.121.250;2.362.187;7.414.063;15.445.313;5.679.688;350.313;198.98;45;36;50;56;40;31;584;526;7.060.000;7.360.000;6.600.000;1;1;0;0;0;0;0;0;0;0;0;0;0;0;16/04/2025 15:42
130;Volkswagen-Sao_Bernardo_03;1;1;54.364.620;71.359.428;7.031.250;7.040.625;2.379.688;7.601.563;15.781.250;5.687.500;352.500;200.22;45;36;50;56;40;31;584;526;7.060.000;7.360.000;6.600.000;1;1;0;0;0;0;0;0;0;0;0;0;0;0;16/04/2025 15:43
131;Volkswagen-Sao_Bernardo_03;1;1;53.559.097;71.359.428;7.069.687;7.078.125;2.386.563;7.421.875;15.671.875;5.703.125;349.438;198.48;45;36;50;56;40;31;584;526;7.060.000;7.360.000;6.600.000;1;1;0;0;0;0;0;0;0;0;0;0;0;0;16/04/2025 15:44
132;Volkswagen-Sao_Bernardo_03;1;1;53.246.754;71.359.428;7.023.750;7.035.937;2.389.062;7.679.688;16.062.500;5.671.875;348.250;197.80;45;36;50;56;40;31;584;526;7.060.000;7.360.000;6.600.000;1;1;0;0;0;0;0;0;0;0;0;0;0;0;16/04/2025 15:45
133;Volkswagen-Sao_Bernardo_03;1;1;53.148.117;71.359.428;7.080.000;7.093.125;2.365.937;7.531.250;15.960.938;5.695.313;347.875;197.59;45;36;50;56;40;31;584;526;7.060.000;7.360.000;6.600.000;1;1;0;0;0;0;0;0;0;0;0;0;0;0;16/04/2025 15:46
134;Volkswagen-Sao_Bernardo_03;1;1;53.312.511;74.313.454;7.017.188;7.030.313;2.370.625;8.015.625;16.835.938;5.773.438;348.500;197.95;45;36;50;56;40;31;584;526;7.060.000;7.360.000;6.600.000;1;1;0;0;0;0;0;0;0;0;0;0;0;0;16/04/2025 15:47
135;Volkswagen-Sao_Bernardo_03;1;1;53.953.640;72.693.993;7.023.750;7.036.875;2.359.688;7.757.813;16.585.938;5.773.438;350.938;199.33;45;36;50;56;40;31;584;526;7.060.000;7.360.000;6.600.000;1;1;0;0;0;0;0;0;0;0;0;0;0;0;16/04/2025 15:48
136;Volkswagen-Sao_Bernardo_03;1;1;53.674.171;70.912.086;7.086.563;7.095.000;2.366.875;7.570.313;16.390.625;5.757.813;349.875;198.73;45;37;50;56;40;31;584;526;7.060.000;7.360.000;6.600.000;1;1;0;0;0;0;0;0;0;0;0;0;0;0;16/04/2025 15:49
137;Volkswagen-Sao_Bernardo_03;1;1;53.953.640;72.021.210;7.024.687;7.031.250;2.369.375;7.765.625;16.281.250;5.710.938;350.938;199.33;45;37;50;56;40;31;584;526;7.060.000;7.360.000;6.600.000;1;1;0;0;0;0;0;0;0;0;0;0;0;0;16/04/2025 15:50
138;Volkswagen-Sao_Bernardo_03;1;1;54.224.892;72.021.210;7.066.875;7.079.062;2.372.813;7.742.188;16.148.438;5.726.563;352.250;200.08;45;36;50;56;40;31;584;526;7.060.000;7.360.000;6.600.000;1;1;0;0;0;0;0;0;0;0;0;0;0;0;16/04/2025 15:51
139;Volkswagen-Sao_Bernardo_03;1;1;53.591.980;72.021.210;7.073.438;7.084.688;2.365.313;7.687.500;15.906.250;5.710.938;349.563;198.55;45;36;50;56;40;31;584;526;7.060.000;7.360.000;6.600.000;1;1;0;0;0;0;0;0;0;0;0;0;0;0;16/04/2025 15:52
140;Volkswagen-Sao_Bernardo_03;1;1;53.702.942;73.004.417;7.073.438;7.090.312;2.374.687;7.398.438;15.554.688;5.671.875;350.000;198.80;45;36;50;56;40;31;584;526;7.060.000;7.360.000;6.600.000;1;1;0;0;0;0;0;0;0;0;0;0;0;0;16/04/2025 15:53
141;Volkswagen-Sao_Bernardo_03;1;1;53.493.343;73.131.424;7.050.000;7.067.812;2.375.625;7.609.375;15.671.875;5.703.125;349.188;198.34;45;36;50;56;40;31;584;526;7.060.000;7.360.000;6.600.000;1;1;0;0;0;0;0;0;0;0;0;0;0;0;16/04/2025 15:54
142;Volkswagen-Sao_Bernardo_03;1;1;53.131.680;71.465.614;7.015.313;7.024.687;2.379.688;7.687.500;16.101.563;5.703.125;347.813;197.56;45;36;50;56;40;31;584;526;7.060.000;7.360.000;6.600.000;1;1;0;0;0;0;0;0;0;0;0;0;0;0;16/04/2025 15:55
143;Volkswagen-Sao_Bernardo_03;1;1;53.748.150;71.209.305;7.028.438;7.040.625;2.362.187;7.507.813;15.820.313;5.710.938;350.125;198.87;45;36;50;56;39;31;584;526;7.060.000;7.360.000;6.600.000;1;1;0;0;0;0;0;0;0;0;0;0;0;0;16/04/2025 15:56
144;Volkswagen-Sao_Bernardo_03;1;1;53.986.519;74.015.755;7.057.500;7.074.375;2.364.687;7.773.438;16.351.563;5.750.000;351.063;199.40;45;36;50;56;39;31;584;526;7.060.000;7.360.000;6.600.000;1;1;0;0;0;0;0;0;0;0;0;0;0;0;16/04/2025 15:57
145;Volkswagen-Sao_Bernardo_03;1;1;53.920.765;72.431.175;7.119.375;7.135.313;2.362.187;7.546.875;16.414.063;5.734.375;350.813;199.26;45;36;50;56;39;31;584;527;7.060.000;7.360.000;6.600.000;1;1;0;0;0;0;0;0;0;0;0;0;0;0;16/04/2025 15:58
146;Volkswagen-Sao_Bernardo_03;1;1;53.756.371;71.520.058;7.080.000;7.093.125;2.374.687;7.500.000;16.039.063;5.695.313;350.188;198.90;45;36;50;56;39;31;584;527;7.060.000;7.360.000;6.600.000;1;1;0;0;0;0;0;0;0;0;0;0;0;0;16/04/2025 15:59
147;Volkswagen-Sao_Bernardo_03;1;1;54.109.814;70.751.488;7.118.437;7.126.875;2.369.375;7.390.625;15.960.938;5.734.375;351.063;199.40;45;36;50;56;39;31;584;527;7.060.000;7.360.000;6.600.000;1;1;0;0;0;0;0;0;0;0;0;0;0;0;16/04/2025 16:00
148;Volkswagen-Sao_Bernardo_03;1;1;54.331.745;71.507.469;7.098.750;7.110.000;2.360.938;7.437.500;15.656.250;5.679.688;352.375;200.15;45;36;50;56;39;31;584;527;7.060.000;7.360.000;6.600.000;1;1;0;0;0;0;0;0;0;0;0;0;0;0;16/04/2025 16:01
149;Volkswagen-Sao_Bernardo_03;1;1;53.674.171;73.620.399;7.044.375;7.060.312;2.370.312;7.421.875;15.648.438;5.695.313;349.875;198.73;45;36;50;56;39;31;584;527;7.060.000;7.360.000;6.600.000;1;1;0;0;0;0;0;0;0;0;0;0;0;0;16/04/2025 16:02
150;Volkswagen-Sao_Bernardo_03;1;1;54.068.718;73.581.345;7.032.187;7.047.187;2.361.250;7.921.875;16.687.500;5.757.813;351.375;199.58;45;36;50;56;40;31;584;527;7.060.000;7.360.000;6.600.000;1;1;0;0;0;0;0;0;0;0;0;0;0;0;16/04/2025 16:03
151;Volkswagen-Sao_Bernardo_03;1;1;53.612.526;71.396.477;7.028.438;7.037.813;2.374.063;7.500.000;16.335.938;5.726.563;349.313;198.41;45;36;50;56;40;31;584;527;7.060.000;7.360.000;6.600.000;1;1;0;0;0;0;0;0;0;0;0;0;0;0;16/04/2025 16:04
152;Volkswagen-Sao_Bernardo_03;1;1;53.838.566;72.129.646;7.005.000;7.014.375;2.360.312;7.812.500;16.023.438;5.679.688;350.500;199.08;45;36;50;56;40;31;584;527;7.060.000;7.360.000;6.600.000;1;1;0;0;0;0;0;0;0;0;0;0;0;0;16/04/2025 16:05
153;Volkswagen-Sao_Bernardo_03;1;1;53.526.218;73.063.416;6.991.875;7.006.875;2.383.125;7.601.563;15.921.875;5.695.313;349.313;198.41;45;36;50;56;40;31;584;527;7.060.000;7.360.000;6.600.000;1;1;0;0;0;0;0;0;0;0;0;0;0;0;16/04/2025 16:06
154;Volkswagen-Sao_Bernardo_03;1;1;54.068.718;72.749.428;7.014.375;7.029.375;2.377.812;7.796.875;16.328.125;5.734.375;351.375;199.58;45;36;50;56;40;31;584;527;7.060.000;7.360.000;6.600.000;1;1;0;0;0;0;0;0;0;0;0;0;0;0;16/04/2025 16:07
155;Volkswagen-Sao_Bernardo_03;1;1;53.822.128;72.271.278;7.024.687;7.035.000;2.364.375;7.960.938;16.789.063;5.781.250;350.438;199.05;45;36;50;56;40;31;584;527;7.060.000;7.360.000;6.600.000;1;1;0;0;0;0;0;0;0;0;0;0;0;0;16/04/2025 16:08
156;Volkswagen-Sao_Bernardo_03;1;1;53.674.171;72.271.278;7.050.938;7.065.000;2.368.125;7.640.625;16.484.375;5.750.000;349.875;198.73;45;36;50;56;40;31;584;527;7.060.000;7.360.000;6.600.000;1;1;0;0;0;0;0;0;0;0;0;0;0;0;16/04/2025 16:09
157;Volkswagen-Sao_Bernardo_03;1;1;53.805.687;72.271.278;7.057.500;7.067.812;2.361.562;7.593.750;16.156.250;5.710.938;350.375;199.01;45;36;50;56;41;31;584;527;7.060.000;7.360.000;6.600.000;1;1;0;0;0;0;0;0;0;0;0;0;0;0;16/04/2025 16:10
158;Volkswagen-Sao_Bernardo_03;1;1;53.657.734;75.126.083;7.107.187;7.125.937;2.372.813;7.578.125;15.609.375;5.679.688;349.813;198.69;45;36;50;56;41;31;584;527;7.060.000;7.360.000;6.600.000;1;1;0;0;0;0;0;0;0;0;0;0;0;0;16/04/2025 16:11
159;Volkswagen-Sao_Bernardo_03;1;1;53.608.418;74.856.552;7.111.875;7.131.563;2.374.687;7.445.313;15.414.063;5.664.063;349.625;198.58;45;37;50;56;41;31;584;527;7.060.000;7.360.000;6.600.000;1;1;0;0;0;0;0;0;0;0;0;0;0;0;16/04/2025 16:12
160;Volkswagen-Sao_Bernardo_03;1;1;53.834.457;72.834.984;7.037.813;7.050.938;2.372.188;7.812.500;16.625.000;5.742.188;350.625;199.15;45;37;50;56;41;31;584;527;7.060.000;7.360.000;6.600.000;1;1;0;0;0;0;0;0;0;0;0;0;0;0;16/04/2025 16:13
161;Volkswagen-Sao_Bernardo_03;1;1;53.624.855;72.059.975;7.059.375;7.070.625;2.368.750;7.500.000;16.398.438;5.695.313;349.688;198.62;45;37;50;56;41;31;584;527;7.060.000;7.360.000;6.600.000;1;1;0;0;0;0;0;0;0;0;0;0;0;0;16/04/2025 16:14
162;Volkswagen-Sao_Bernardo_03;1;1;53.887.882;73.892.899;7.123.125;7.140.937;2.364.687;7.468.750;15.984.375;5.695.313;350.688;199.19;45;37;50;56;41;31;584;527;7.060.000;7.360.000;6.600.000;1;1;0;0;0;0;0;0;0;0;0;0;0;0;16/04/2025 16:15
163;Volkswagen-Sao_Bernardo_03;1;1;53.846.786;73.487.564;7.101.563;7.114.687;2.358.438;7.507.813;15.500.000;5.664.063;351.000;199.37;45;37;50;56;41;31;584;527;7.060.000;7.360.000;6.600.000;1;1;0;0;0;0;0;0;0;0;0;0;0;0;16/04/2025 16:16
164;Volkswagen-Sao_Bernardo_03;1;1;53.476.902;73.221.672;7.039.688;7.050.938;2.368.750;7.671.875;16.109.375;5.710.938;349.125;198.30;45;37;50;56;41;31;584;527;7.060.000;7.360.000;6.600.000;1;1;0;0;0;0;0;0;0;0;0;0;0;0;16/04/2025 16:17
165;Volkswagen-Sao_Bernardo_03;1;1;53.855.003;72.323.944;7.049.063;7.060.312;2.362.813;7.765.625;16.546.875;5.718.750;350.563;199.12;45;36;50;56;41;31;584;527;7.060.000;7.360.000;6.600.000;1;1;0;0;0;0;0;0;0;0;0;0;0;0;16/04/2025 16:18
166;Volkswagen-Sao_Bernardo_03;1;1;53.033.043;72.323.944;7.050.000;7.063.125;2.366.250;7.523.438;16.148.438;5.718.750;347.438;197.34;45;36;51;56;41;31;584;527;7.060.000;7.360.000;6.600.000;1;1;0;0;0;0;0;0;0;0;0;0;0;0;16/04/2025 16:19
167;Volkswagen-Sao_Bernardo_03;1;1;53.785.141;72.323.944;7.018.125;7.034.062;2.360.625;7.750.000;16.007.813;5.695.313;350.250;198.94;45;36;51;56;40;31;584;527;7.060.000;7.360.000;6.600.000;1;1;0;0;0;0;0;0;0;0;0;0;0;0;16/04/2025 16:20
168;Volkswagen-Sao_Bernardo_03;1;1;53.822.128;72.320.000;7.049.063;7.061.250;2.364.687;7.531.250;15.890.625;5.671.875;350.438;199.05;45;36;51;56;40;31;584;527;7.060.000;7.360.000;6.600.000;1;1;0;0;0;0;0;0;0;0;0;0;0;0;16/04/2025 16:21
169;Volkswagen-Sao_Bernardo_03;1;1;53.674.171;72.320.000;7.079.062;7.092.187;2.377.187;7.523.438;16.273.438;5.750.000;349.875;198.73;45;36;51;56;40;31;584;527;7.060.000;7.360.000;6.600.000;1;1;0;0;0;0;0;0;0;0;0;0;0;0;16/04/2025 16:22
170;Volkswagen-Sao_Bernardo_03;1;1;53.822.128;72.320.000;7.058.437;7.075.313;2.384.375;7.671.875;15.960.938;5.703.125;350.438;199.05;45;36;51;56;40;31;584;527;7.060.000;7.360.000;6.600.000;1;1;0;0;0;0;0;0;0;0;0;0;0;0;16/04/2025 16:23
171;Volkswagen-Sao_Bernardo_03;1;1;53.542.660;72.320.000;7.039.688;7.051.875;2.365.313;7.445.313;15.765.625;5.710.938;349.375;198.44;45;36;51;56;40;31;584;527;7.060.000;7.360.000;6.600.000;1;1;0;0;0;0;0;0;0;0;0;0;0;0;16/04/2025 16:24
172;Volkswagen-Sao_Bernardo_03;1;1;53.855.003;71.368.935;7.098.750;7.111.875;2.375.313;7.671.875;16.476.563;5.750.000;350.563;199.12;45;36;51;56;40;31;584;527;7.060.000;7.360.000;6.600.000;1;1;0;0;0;0;0;0;0;0;0;0;0;0;16/04/2025 16:25
173;Volkswagen-Sao_Bernardo_03;1;1;53.707.050;71.406.525;7.065.000;7.075.313;2.363.750;7.453.125;16.054.688;5.703.125;350.000;198.80;45;36;51;56;40;31;585;527;7.060.000;7.360.000;6.600.000;1;1;0;0;0;0;0;0;0;0;0;0;0;0;16/04/2025 16:26
174;Volkswagen-Sao_Bernardo_03;1;1;53.953.640;72.250.938;7.049.063;7.063.125;2.359.688;7.640.625;15.953.125;5.695.313;350.938;199.33;45;36;50;56;40;31;585;527;7.060.000;7.360.000;6.600.000;1;1;0;0;0;0;0;0;0;0;0;0;0;0;16/04/2025 16:27
175;Volkswagen-Sao_Bernardo_03;1;1;53.476.902;72.250.938;7.011.562;7.024.687;2.360.625;7.625.000;16.023.438;5.703.125;349.125;198.30;45;36;50;56;40;31;585;527;7.060.000;7.360.000;6.600.000;1;1;0;0;0;0;0;0;0;0;0;0;0;0;16/04/2025 16:28
176;Volkswagen-Sao_Bernardo_03;1;1;53.690.613;72.875.603;7.084.688;7.097.813;2.386.875;7.640.625;16.414.063;5.742.188;349.750;198.66;45;36;50;56;40;31;585;527;7.060.000;7.360.000;6.600.000;1;1;0;0;0;0;0;0;0;0;0;0;0;0;16/04/2025 16:29
177;Volkswagen-Sao_Bernardo_03;1;1;53.904.324;73.568.001;7.065.000;7.080.000;2.361.562;7.578.125;15.921.875;5.671.875;350.750;199.22;45;36;50;56;40;31;585;527;7.060.000;7.360.000;6.600.000;1;1;0;0;0;0;0;0;0;0;0;0;0;0;16/04/2025 16:30
178;Volkswagen-Sao_Bernardo_03;1;1;53.739.933;73.568.001;7.062.188;7.076.250;2.365.937;7.437.500;15.460.938;5.656.250;350.125;198.87;45;36;50;56;39;31;585;527;7.060.000;7.360.000;6.600.000;1;1;0;0;0;0;0;0;0;0;0;0;0;0;16/04/2025 16:31
179;Volkswagen-Sao_Bernardo_03;1;1;53.509.781;74.091.560;7.040.625;7.056.562;2.361.562;7.765.625;16.289.063;5.710.938;349.063;198.27;45;36;50;56;39;31;585;527;7.060.000;7.360.000;6.600.000;1;1;0;0;0;0;0;0;0;0;0;0;0;0;16/04/2025 16:32
180;Volkswagen-Sao_Bernardo_03;1;1;53.312.511;72.416.389;7.047.187;7.056.562;2.370.625;7.578.125;16.265.625;5.734.375;348.500;197.95;45;36;51;56;39;31;585;527;7.060.000;7.360.000;6.600.000;1;1;0;0;0;0;0;0;0;0;0;0;0;0;16/04/2025 16:33
181;Volkswagen-Sao_Bernardo_03;1;1;53.690.613;72.416.389;7.065.000;7.078.125;2.365.937;7.468.750;15.742.188;5.656.250;350.125;198.87;45;36;51;56;39;31;585;527;7.060.000;7.360.000;6.600.000;1;1;0;0;0;0;0;0;0;0;0;0;0;0;16/04/2025 16:34
182;Volkswagen-Sao_Bernardo_03;1;1;53.789.249;72.416.389;7.074.375;7.083.750;2.367.500;7.867.188;16.617.188;5.742.188;350.313;198.98;45;36;50;56;39;31;585;527;7.060.000;7.360.000;6.600.000;1;1;0;0;0;0;0;0;0;0;0;0;0;0;16/04/2025 16:35
183;Volkswagen-Sao_Bernardo_03;1;1;53.690.613;72.416.389;7.096.875;7.109.063;2.364.687;7.437.500;15.890.625;5.679.688;349.938;198.76;45;36;50;56;38;31;585;527;7.060.000;7.360.000;6.600.000;1;1;0;0;0;0;0;0;0;0;0;0;0;0;16/04/2025 16:36
184;Volkswagen-Sao_Bernardo_03;1;1;53.739.933;72.416.389;7.051.875;7.065.938;2.381.562;7.484.375;15.601.563;5.679.688;350.125;198.87;45;36;50;56;38;31;585;527;7.060.000;7.360.000;6.600.000;1;1;0;0;0;0;0;0;0;0;0;0;0;0;16/04/2025 16:37
185;Volkswagen-Sao_Bernardo_03;1;1;53.411.148;72.416.389;7.052.813;7.066.875;2.376.875;7.484.375;16.195.313;5.695.313;348.875;198.16;45;36;50;56;38;31;585;527;7.060.000;7.360.000;6.600.000;1;1;0;0;0;0;0;0;0;0;0;0;0;0;16/04/2025 16:38
186;Volkswagen-Sao_Bernardo_03;1;1;53.855.003;72.353.226;7.029.375;7.043.437;2.360.938;7.554.688;15.796.875;5.679.688;350.563;199.12;45;36;50;56;38;31;585;527;7.060.000;7.360.000;6.600.000;1;1;0;0;0;0;0;0;0;0;0;0;0;0;16/04/2025 16:39
187;Volkswagen-Sao_Bernardo_03;1;1;53.756.371;72.332.703;7.019.063;7.031.250;2.357.500;7.765.625;16.421.875;5.742.188;350.188;198.90;45;36;50;56;38;31;585;527;7.060.000;7.360.000;6.600.000;1;1;0;0;0;0;0;0;0;0;0;0;0;0;16/04/2025 16:40
188;Volkswagen-Sao_Bernardo_03;1;1;53.591.980;72.332.703;7.047.187;7.058.437;2.385.937;7.453.125;16.023.438;5.687.500;349.563;198.55;45;36;50;56;38;31;585;527;7.060.000;7.360.000;6.600.000;1;1;0;0;0;0;0;0;0;0;0;0;0;0;16/04/2025 16:41
189;Volkswagen-Sao_Bernardo_03;1;1;53.296.070;73.072.159;7.002.188;7.015.313;2.374.687;7.546.875;15.593.750;5.648.438;348.438;197.91;45;36;50;56;38;31;585;527;7.060.000;7.360.000;6.600.000;1;1;0;0;0;0;0;0;0;0;0;0;0;0;16/04/2025 16:42
190;Volkswagen-Sao_Bernardo_03;1;1;53.739.933;72.436.852;7.032.187;7.042.500;2.370.312;7.695.313;16.218.750;5.718.750;350.125;198.87;45;36;50;56;38;31;585;527;7.060.000;7.360.000;6.600.000;1;1;0;0;0;0;0;0;0;0;0;0;0;0;16/04/2025 16:43
191;Volkswagen-Sao_Bernardo_03;1;1;53.822.128;72.898.056;7.068.750;7.086.563;2.370.312;7.820.313;16.765.625;5.773.438;350.438;199.05;45;36;50;56;38;31;585;527;7.060.000;7.360.000;6.600.000;1;1;0;0;0;0;0;0;0;0;0;0;0;0;16/04/2025 16:44
192;Volkswagen-Sao_Bernardo_03;1;1;53.657.734;73.569.817;7.084.688;7.095.938;2.389.688;7.398.438;16.023.438;5.703.125;349.813;198.69;45;36;50;56;39;31;585;527;7.060.000;7.360.000;6.600.000;1;1;0;0;0;0;0;0;0;0;0;0;0;0;16/04/2025 16:45
193;Volkswagen-Sao_Bernardo_03;1;1;53.723.492;73.569.817;7.045.312;7.055.625;2.367.188;7.679.688;15.921.875;5.695.313;350.063;198.83;45;36;50;56;42;31;585;527;7.060.000;7.360.000;6.600.000;1;1;0;0;0;0;0;0;0;0;0;0;0;0;16/04/2025 16:46
194;Volkswagen-Sao_Bernardo_03;1;1;53.559.097;73.180.305;7.078.125;7.087.500;2.362.813;7.601.563;15.953.125;5.726.563;349.438;198.48;45;36;50;56;43;31;585;527;7.060.000;7.360.000;6.600.000;1;1;0;0;0;0;0;0;0;0;0;0;0;0;16/04/2025 16:47
195;Volkswagen-Sao_Bernardo_03;1;1;53.641.296;73.353.951;7.099.688;7.113.750;2.376.250;7.640.625;16.468.750;5.750.000;349.750;198.66;45;36;50;56;45;31;585;527;7.060.000;7.360.000;6.600.000;1;1;0;0;0;0;0;0;0;0;0;0;0;0;16/04/2025 16:48
196;Volkswagen-Sao_Bernardo_03;1;1;53.509.781;73.705.437;7.140.937;7.159.688;2.362.500;7.335.938;15.859.375;5.664.063;349.250;198.37;45;36;50;56;46;31;585;527;7.060.000;7.360.000;6.600.000;1;1;0;0;0;0;0;0;0;0;0;0;0;0;16/04/2025 16:49
197;Volkswagen-Sao_Bernardo_03;1;1;53.805.687;74.090.195;7.005.000;7.020.000;2.379.062;7.851.563;16.304.688;5.710.938;350.375;199.01;45;36;50;56;46;31;585;527;7.060.000;7.360.000;6.600.000;1;1;0;0;0;0;0;0;0;0;0;0;0;0;16/04/2025 16:50
198;Volkswagen-Sao_Bernardo_03;1;1;53.604.309;76.413.170;7.011.562;7.033.125;2.365.313;7.710.938;15.953.125;5.687.500;349.750;198.66;45;36;50;56;45;31;585;527;7.060.000;7.360.000;6.600.000;1;1;0;0;0;0;0;0;0;0;0;0;0;0;16/04/2025 16:51
199;Volkswagen-Sao_Bernardo_03;1;1;53.624.855;75.284.843;7.097.813;7.120.313;2.370.938;7.609.375;16.140.625;5.726.563;349.688;198.62;45;36;50;56;45;31;585;527;7.060.000;7.360.000;6.600.000;1;1;0;0;0;0;0;0;0;0;0;0;0;0;16/04/2025 16:52
200;Volkswagen-Sao_Bernardo_03;1;1;53.986.519;74.975.700;7.051.875;7.073.438;2.377.500;7.875.000;16.632.813;5.750.000;350.688;199.19;45;36;50;56;45;31;585;527;7.060.000;7.360.000;6.600.000;1;1;0;0;0;0;0;0;0;0;0;0;0;0;16/04/2025 16:53
201;Volkswagen-Sao_Bernardo_03;1;1;53.608.418;74.423.660;7.021.875;7.036.875;2.365.937;7.750.000;16.429.688;5.695.313;349.625;198.58;45;36;50;56;44;31;585;527;7.060.000;7.360.000;6.600.000;1;1;0;0;0;0;0;0;0;0;0;0;0;0;16/04/2025 16:54
202;Volkswagen-Sao_Bernardo_03;1;1;53.591.980;75.495.209;7.079.062;7.101.563;2.373.437;7.476.563;15.781.250;5.710.938;349.563;198.55;45;36;50;56;46;31;585;527;7.060.000;7.360.000;6.600.000;1;1;0;0;0;0;0;0;0;0;0;0;0;0;16/04/2025 16:55
203;Volkswagen-Sao_Bernardo_03;1;1;0.000000;0.000000;0.011250;0.017812;0.005313;0.101563;0.046875;0.171875;0.563;0.32;22;23;39;33;27;28;588;531;7.060.000;7.360.000;6.600.000;0;0;1;1;1;0;0;0;0;0;0;0;0;0;17/04/2025 09:27
204;Volkswagen-Sao_Bernardo_03;1;1;0.000000;0.000000;0.010313;0.018750;0.005625;0.093750;0.046875;0.164063;0.438;0.25;22;23;39;33;27;28;588;531;7.060.000;7.360.000;6.600.000;0;0;1;1;1;0;0;0;0;0;0;0;0;0;17/04/2025 09:28
205;Volkswagen-Sao_Bernardo_03;1;1;0.000000;0.000000;0.010313;0.017812;0.005313;0.101563;0.054688;0.171875;0.563;0.32;23;23;38;33;27;28;588;531;7.060.000;7.360.000;6.600.000;0;0;1;1;1;0;0;0;0;0;0;0;0;0;17/04/2025 09:29
206;Volkswagen-Sao_Bernardo_03;1;1;0.000000;0.000000;0.011250;0.016875;0.005625;0.101563;0.046875;0.171875;0.500;0.28;23;23;38;33;27;28;588;531;7.060.000;7.360.000;6.600.000;0;0;1;1;1;0;0;0;0;0;0;0;0;0;17/04/2025 09:30
207;Volkswagen-Sao_Bernardo_03;1;1;0.000000;0.000000;0.011250;0.016875;0.005000;0.101563;0.046875;0.171875;0.563;0.32;23;23;38;33;27;28;588;531;7.060.000;7.360.000;6.600.000;0;0;1;1;1;0;0;0;0;0;0;0;0;0;17/04/2025 09:31
208;Volkswagen-Sao_Bernardo_03;1;1;0.000000;0.000000;0.011250;0.017812;0.005313;0.101563;0.046875;0.156250;0.438;0.25;23;23;38;33;27;28;588;531;7.060.000;7.360.000;6.600.000;0;0;1;1;1;0;0;0;0;0;0;0;0;0;17/04/2025 09:32
209;Volkswagen-Sao_Bernardo_03;1;1;0.000000;0.000000;0.011250;0.017812;0.005313;0.093750;0.046875;0.164063;0.500;0.28;23;23;38;33;27;28;588;531;7.060.000;7.360.000;6.600.000;0;0;1;1;1;0;0;0;0;0;0;0;0;0;17/04/2025 09:33
210;Volkswagen-Sao_Bernardo_03;1;1;0.000000;0.000000;0.010313;0.017812;0.005313;0.093750;0.039063;0.164063;0.438;0.25;23;23;38;33;27;28;588;531;7.060.000;7.360.000;6.600.000;0;0;1;1;1;0;0;0;0;0;0;0;0;0;17/04/2025 09:34
211;Volkswagen-Sao_Bernardo_03;1;1;0.000000;0.000000;0.011250;0.017812;0.005313;0.101563;0.054688;0.171875;0.563;0.32;23;23;38;33;27;28;588;531;7.060.000;7.360.000;6.600.000;0;0;1;1;1;0;0;0;0;0;0;0;0;0;17/04/2025 09:35
212;Volkswagen-Sao_Bernardo_03;1;1;0.000000;0.000000;0.011250;0.017812;0.005625;0.093750;0.046875;0.164063;0.500;0.28;23;23;38;33;27;28;588;531;7.060.000;7.360.000;6.600.000;0;0;1;1;1;0;0;0;0;0;0;0;0;0;17/04/2025 09:36
213;Volkswagen-Sao_Bernardo_03;1;1;0.000000;0.000000;0.010313;0.017812;0.005313;0.101563;0.054688;0.171875;0.625;0.35;23;23;38;33;27;28;588;531;7.060.000;7.360.000;6.600.000;0;0;1;1;1;0;0;0;0;0;0;0;0;0;17/04/2025 09:37
214;Volkswagen-Sao_Bernardo_03;1;1;0.000000;0.000000;0.011250;0.017812;0.005313;0.101563;0.046875;0.164063;0.563;0.32;23;23;38;33;27;28;588;531;7.060.000;7.360.000;6.600.000;0;0;1;1;1;0;0;0;0;0;0;0;0;0;17/04/2025 09:38
215;Volkswagen-Sao_Bernardo_03;1;1;0.000000;0.000000;0.009375;0.016875;0.005625;0.093750;0.046875;0.164063;0.438;0.25;23;23;38;33;27;28;588;531;7.060.000;7.360.000;6.600.000;0;0;1;1;1;0;0;0;0;0;0;0;0;0;17/04/2025 09:39
216;Volkswagen-Sao_Bernardo_03;1;1;0.000000;0.000000;0.010313;0.017812;0.005000;0.109375;0.046875;0.171875;0.563;0.32;23;24;38;33;27;28;588;531;7.060.000;7.360.000;6.600.000;0;0;1;1;1;0;0;0;0;0;0;0;0;0;17/04/2025 09:40
217;Volkswagen-Sao_Bernardo_03;1;1;0.000000;0.000000;0.011250;0.016875;0.005313;0.101563;0.046875;0.164063;0.563;0.32;23;23;38;33;27;28;588;531;7.060.000;7.360.000;6.600.000;0;0;1;1;1;0;0;0;0;0;0;0;0;0;17/04/2025 09:41
218;Volkswagen-Sao_Bernardo_03;1;1;0.000000;0.000000;0.010313;0.017812;0.005313;0.093750;0.039063;0.164063;0.438;0.25;23;24;38;33;27;28;588;531;7.060.000;7.360.000;6.600.000;0;0;1;1;1;0;0;0;0;0;0;0;0;0;17/04/2025 09:42
219;Volkswagen-Sao_Bernardo_03;1;1;0.000000;0.000000;0.010313;0.017812;0.005313;0.093750;0.054688;0.164063;0.500;0.28;23;24;38;33;27;28;588;531;7.060.000;7.360.000;6.600.000;0;0;1;1;1;0;0;0;0;0;0;0;0;0;17/04/2025 09:43
220;Volkswagen-Sao_Bernardo_03;1;1;0.000000;0.000000;0.011250;0.017812;0.005313;0.093750;0.039063;0.164063;0.438;0.25;23;24;38;33;28;28;588;531;7.060.000;7.360.000;6.600.000;0;0;1;1;1;0;0;0;0;0;0;0;0;0;17/04/2025 09:44
221;Volkswagen-Sao_Bernardo_03;1;1;0.000000;0.000000;0.011250;0.017812;0.005313;0.093750;0.046875;0.164063;0.438;0.25;23;24;38;33;28;28;588;531;7.060.000;7.360.000;6.600.000;0;0;1;1;1;0;0;0;0;0;0;0;0;0;17/04/2025 09:45
222;Volkswagen-Sao_Bernardo_03;1;1;0.000000;0.000000;0.012187;0.017812;0.005000;0.101563;0.054688;0.171875;0.563;0.32;23;24;38;33;28;28;588;531;7.060.000;7.360.000;6.600.000;0;0;1;1;1;0;0;0;0;0;0;0;0;0;17/04/2025 09:46
223;Volkswagen-Sao_Bernardo_03;1;1;0.000000;0.000000;0.010313;0.017812;0.005313;0.101563;0.046875;0.164063;0.500;0.28;23;24;38;33;28;28;588;531;7.060.000;7.360.000;6.600.000;0;0;1;1;1;0;0;0;0;0;0;0;0;0;17/04/2025 09:47
224;Volkswagen-Sao_Bernardo_03;1;1;0.000000;0.000000;0.010313;0.016875;0.005000;0.093750;0.046875;0.164063;0.438;0.25;23;24;38;33;28;28;588;531;7.060.000;7.360.000;6.600.000;0;0;1;1;1;0;0;0;0;0;0;0;0;0;17/04/2025 09:48
225;Volkswagen-Sao_Bernardo_03;1;1;0.000000;0.000000;0.011250;0.017812;0.005313;0.093750;0.046875;0.164063;0.500;0.28;23;24;38;33;28;28;588;531;7.060.000;7.360.000;6.600.000;0;0;1;1;1;0;0;0;0;0;0;0;0;0;17/04/2025 09:49
226;Volkswagen-Sao_Bernardo_03;1;1;0.000000;0.000000;0.010313;0.017812;0.005000;0.101563;0.046875;0.164063;0.500;0.28;23;24;38;33;28;28;588;531;7.060.000;7.360.000;6.600.000;0;0;1;1;1;0;0;0;0;0;0;0;0;0;17/04/2025 09:50
227;Volkswagen-Sao_Bernardo_03;1;1;0.000000;0.000000;0.010313;0.017812;0.005313;0.093750;0.054688;0.164063;0.500;0.28;23;24;38;33;28;28;588;531;7.060.000;7.360.000;6.600.000;0;0;1;1;1;0;0;0;0;0;0;0;0;0;17/04/2025 09:51
228;Volkswagen-Sao_Bernardo_03;1;1;0.000000;0.000000;0.010313;0.018750;0.005000;0.101563;0.046875;0.164063;0.500;0.28;23;24;38;33;28;28;588;531;7.060.000;7.360.000;6.600.000;0;0;1;1;1;0;0;0;0;0;0;0;0;0;17/04/2025 09:52
229;Volkswagen-Sao_Bernardo_03;1;1;0.000000;0.000000;0.011250;0.017812;0.005313;0.093750;0.054688;0.171875;0.563;0.32;23;24;38;33;28;28;588;531;7.060.000;7.360.000;6.600.000;0;0;1;1;1;0;0;0;0;0;0;0;0;0;17/04/2025 09:53
230;Volkswagen-Sao_Bernardo_03;1;1;0.000000;0.000000;0.010313;0.017812;0.005313;0.101563;0.046875;0.164063;0.500;0.28;23;24;38;33;28;28;588;531;7.060.000;7.360.000;6.600.000;0;0;1;1;1;0;0;0;0;0;0;0;0;0;17/04/2025 09:54
231;Volkswagen-Sao_Bernardo_03;1;1;0.000000;0.000000;0.011250;0.017812;0.005313;0.093750;0.046875;0.156250;0.438;0.25;23;24;38;33;28;28;588;531;7.060.000;7.360.000;6.600.000;0;0;1;1;1;0;0;0;0;0;0;0;0;0;17/04/2025 09:55
232;Volkswagen-Sao_Bernardo_03;1;1;0.000000;0.000000;0.010313;0.017812;0.005313;0.093750;0.046875;0.164063;0.500;0.28;23;24;38;33;28;28;588;531;7.060.000;7.360.000;6.600.000;0;0;1;1;1;0;0;0;0;0;0;0;0;0;17/04/2025 09:56
233;Volkswagen-Sao_Bernardo_03;1;1;0.000000;0.000000;0.011250;0.018750;0.005313;0.093750;0.046875;0.164063;0.500;0.28;23;24;37;33;28;28;588;531;7.060.000;7.360.000;6.600.000;0;0;1;1;1;0;0;0;0;0;0;0;0;0;17/04/2025 09:57
234;Volkswagen-Sao_Bernardo_03;1;1;0.000000;0.000000;0.010313;0.017812;0.005625;0.093750;0.046875;0.164063;0.438;0.25;23;24;37;33;28;28;588;531;7.060.000;7.360.000;6.600.000;0;0;1;1;1;0;0;0;0;0;0;0;0;0;17/04/2025 09:58
235;Volkswagen-Sao_Bernardo_03;1;1;0.000000;0.000000;0.011250;0.018750;0.005313;0.101563;0.046875;0.164063;0.563;0.32;23;24;37;33;28;28;588;531;7.060.000;7.360.000;6.600.000;0;0;1;1;1;0;0;0;0;0;0;0;0;0;17/04/2025 09:59
236;Volkswagen-Sao_Bernardo_03;1;1;0.000000;0.000000;0.010313;0.017812;0.005313;0.093750;0.039063;0.164063;0.500;0.28;23;24;37;33;28;28;588;531;7.060.000;7.360.000;6.600.000;0;0;1;1;1;0;0;0;0;0;0;0;0;0;17/04/2025 10:00
237;Volkswagen-Sao_Bernardo_03;1;1;0.000000;0.000000;0.011250;0.017812;0.005313;0.101563;0.046875;0.164063;0.500;0.28;23;24;37;33;28;28;588;531;7.060.000;7.360.000;6.600.000;0;0;1;1;1;0;0;0;0;0;0;0;0;0;17/04/2025 10:01
238;Volkswagen-Sao_Bernardo_03;1;1;0.000000;0.000000;0.010313;0.018750;0.005000;0.093750;0.054688;0.164063;0.500;0.28;23;24;37;33;28;28;588;531;7.060.000;7.360.000;6.600.000;0;0;1;1;1;0;0;0;0;0;0;0;0;0;17/04/2025 10:02
239;Volkswagen-Sao_Bernardo_03;1;1;0.000000;0.000000;0.011250;0.017812;0.005313;0.101563;0.054688;0.171875;0.563;0.32;23;24;37;33;28;28;588;531;7.060.000;7.360.000;6.600.000;0;0;1;1;1;0;0;0;0;0;0;0;0;0;17/04/2025 10:03
240;Volkswagen-Sao_Bernardo_03;1;1;0.000000;0.000000;0.010313;0.017812;0.005313;0.093750;0.046875;0.164063;0.438;0.25;23;24;37;33;28;28;588;531;7.060.000;7.360.000;6.600.000;0;0;1;1;1;0;0;0;0;0;0;0;0;0;17/04/2025 10:04
241;Volkswagen-Sao_Bernardo_03;1;1;0.000000;0.000000;0.010313;0.018750;0.005313;0.101563;0.046875;0.164063;0.500;0.28;23;24;37;33;28;28;588;531;7.060.000;7.360.000;6.600.000;0;0;1;1;1;0;0;0;0;0;0;0;0;0;17/04/2025 10:05
242;Volkswagen-Sao_Bernardo_03;1;1;0.000000;0.000000;0.010313;0.018750;0.005000;0.101563;0.046875;0.164063;0.625;0.35;23;24;37;33;28;28;588;531;7.060.000;7.360.000;6.600.000;0;0;1;1;1;0;0;0;0;0;0;0;0;0;17/04/2025 10:06
243;Volkswagen-Sao_Bernardo_03;1;1;0.000000;0.000000;0.010313;0.017812;0.005313;0.093750;0.039063;0.164063;0.438;0.25;23;24;37;33;28;28;588;531;7.060.000;7.360.000;6.600.000;0;0;1;1;1;0;0;0;0;0;0;0;0;0;17/04/2025 10:07
244;Volkswagen-Sao_Bernardo_03;1;1;0.000000;0.000000;0.010313;0.018750;0.005313;0.101563;0.046875;0.164063;0.563;0.32;23;24;37;33;28;28;588;531;7.060.000;7.360.000;6.600.000;0;0;1;1;1;0;0;0;0;0;0;0;0;0;17/04/2025 10:08
245;Volkswagen-Sao_Bernardo_03;1;1;0.000000;0.000000;0.010313;0.018750;0.005313;0.093750;0.039063;0.164063;0.438;0.25;23;24;37;33;28;28;588;531;7.060.000;7.360.000;6.600.000;0;0;1;1;1;0;0;0;0;0;0;0;0;0;17/04/2025 10:09
246;Volkswagen-Sao_Bernardo_03;1;1;0.000000;0.000000;0.011250;0.017812;0.005313;0.093750;0.046875;0.164063;0.500;0.28;23;24;37;33;28;28;588;531;7.060.000;7.360.000;6.600.000;0;0;1;1;1;0;0;0;0;0;0;0;0;0;17/04/2025 10:10
247;Volkswagen-Sao_Bernardo_03;1;1;0.000000;0.000000;0.010313;0.018750;0.005313;0.101563;0.054688;0.164063;0.563;0.32;23;24;37;33;28;28;588;531;7.060.000;7.360.000;6.600.000;0;0;1;1;1;0;0;0;0;0;0;0;0;0;17/04/2025 10:11
248;Volkswagen-Sao_Bernardo_03;1;1;0.000000;0.000000;0.010313;0.018750;0.005313;0.093750;0.046875;0.164063;0.438;0.25;23;24;37;33;28;28;588;531;7.060.000;7.360.000;6.600.000;0;0;1;1;1;0;0;0;0;0;0;0;0;0;17/04/2025 10:12
249;Volkswagen-Sao_Bernardo_03;1;1;0.000000;0.000000;0.010313;0.017812;0.005000;0.101563;0.046875;0.171875;0.500;0.28;23;24;37;33;28;28;588;531;7.060.000;7.360.000;6.600.000;0;0;1;1;1;0;0;0;0;0;0;0;0;0;17/04/2025 10:13
250;Volkswagen-Sao_Bernardo_03;1;1;0.000000;0.000000;0.010313;0.017812;0.005313;0.093750;0.046875;0.164063;0.500;0.28;23;24;37;33;28;28;588;531;7.060.000;7.360.000;6.600.000;0;0;1;1;1;0;0;0;0;0;0;0;0;0;17/04/2025 10:14
251;Volkswagen-Sao_Bernardo_03;1;1;0.000000;0.000000;0.010313;0.017812;0.005313;0.101563;0.046875;0.164063;0.500;0.28;23;24;37;33;28;28;588;531;7.060.000;7.360.000;6.600.000;0;0;1;1;1;0;0;0;0;0;0;0;0;0;17/04/2025 10:15
252;Volkswagen-Sao_Bernardo_03;1;1;0.000000;0.000000;0.010313;0.018750;0.005000;0.101563;0.054688;0.171875;0.563;0.32;24;24;37;33;28;28;588;531;7.060.000;7.360.000;6.600.000;0;0;1;1;1;0;0;0;0;0;0;0;0;0;17/04/2025 10:16
253;Volkswagen-Sao_Bernardo_03;1;1;0.000000;0.000000;0.010313;0.018750;0.005313;0.101563;0.054688;0.164063;0.563;0.32;24;24;37;33;28;28;588;531;7.060.000;7.360.000;6.600.000;0;0;1;1;1;0;0;0;0;0;0;0;0;0;17/04/2025 10:17
254;Volkswagen-Sao_Bernardo_03;1;1;0.000000;0.000000;0.011250;0.017812;0.005313;0.093750;0.046875;0.164063;0.500;0.28;24;24;37;33;28;28;588;531;7.060.000;7.360.000;6.600.000;0;0;1;1;1;0;0;0;0;0;0;0;0;0;17/04/2025 10:18
255;Volkswagen-Sao_Bernardo_03;1;1;0.000000;0.000000;0.011250;0.017812;0.005000;0.093750;0.046875;0.156250;0.438;0.25;24;24;37;33;28;28;588;531;7.060.000;7.360.000;6.600.000;0;0;1;1;1;0;0;0;0;0;0;0;0;0;17/04/2025 10:19
256;Volkswagen-Sao_Bernardo_03;1;1;0.000000;0.000000;0.009375;0.017812;0.005000;0.093750;0.046875;0.164063;0.500;0.28;24;24;37;33;28;28;588;531;7.060.000;7.360.000;6.600.000;0;0;1;1;1;0;0;0;0;0;0;0;0;0;17/04/2025 10:20
257;Volkswagen-Sao_Bernardo_03;1;1;0.000000;0.000000;0.011250;0.017812;0.005000;0.101563;0.046875;0.171875;0.563;0.32;24;24;37;33;28;28;588;531;7.060.000;7.360.000;6.600.000;0;0;1;1;1;0;0;0;0;0;0;0;0;0;17/04/2025 10:21
258;Volkswagen-Sao_Bernardo_03;1;1;0.000000;0.000000;0.010313;0.018750;0.005313;0.101563;0.046875;0.164063;0.438;0.25;24;24;37;33;28;28;588;531;7.060.000;7.360.000;6.600.000;0;0;1;1;1;0;0;0;0;0;0;0;0;0;17/04/2025 10:22
259;Volkswagen-Sao_Bernardo_03;1;1;0.000000;0.000000;0.011250;0.017812;0.005313;0.093750;0.046875;0.171875;0.500;0.28;24;24;37;33;28;28;588;531;7.060.000;7.360.000;6.600.000;0;0;1;1;1;0;0;0;0;0;0;0;0;0;17/04/2025 10:23
260;Volkswagen-Sao_Bernardo_03;1;1;0.000000;0.000000;0.010313;0.016875;0.005000;0.101563;0.046875;0.164063;0.563;0.32;24;24;37;33;28;28;588;531;7.060.000;7.360.000;6.600.000;0;0;1;1;1;0;0;0;0;0;0;0;0;0;17/04/2025 10:24
261;Volkswagen-Sao_Bernardo_03;1;1;0.000000;0.000000;0.011250;0.017812;0.005313;0.093750;0.046875;0.156250;0.438;0.25;24;24;37;33;28;28;588;531;7.060.000;7.360.000;6.600.000;0;0;1;1;1;0;0;0;0;0;0;0;0;0;17/04/2025 10:25
262;Volkswagen-Sao_Bernardo_03;1;1;0.000000;0.000000;0.010313;0.017812;0.005313;0.101563;0.046875;0.164063;0.500;0.28;24;24;37;33;28;28;588;531;7.060.000;7.360.000;6.600.000;0;0;1;1;1;0;0;0;0;0;0;0;0;0;17/04/2025 10:26
263;Volkswagen-Sao_Bernardo_03;1;1;0.000000;0.000000;0.010313;0.018750;0.005625;0.101563;0.046875;0.164063;0.563;0.32;24;24;37;33;28;28;588;531;7.060.000;7.360.000;6.600.000;0;0;1;1;1;0;0;0;0;0;0;0;0;0;17/04/2025 10:27
264;Volkswagen-Sao_Bernardo_03;1;1;0.000000;0.000000;0.010313;0.017812;0.005313;0.093750;0.046875;0.164063;0.500;0.28;24;24;37;33;28;28;588;531;7.060.000;7.360.000;6.600.000;0;0;1;1;1;0;0;0;0;0;0;0;0;0;17/04/2025 10:28
265;Volkswagen-Sao_Bernardo_03;1;1;0.000000;0.000000;0.010313;0.017812;0.005313;0.101563;0.046875;0.171875;0.500;0.28;24;24;37;33;28;28;588;531;7.060.000;7.360.000;6.600.000;0;0;1;1;1;0;0;0;0;0;0;0;0;0;17/04/2025 10:29
266;Volkswagen-Sao_Bernardo_03;1;1;0.000000;0.000000;0.011250;0.017812;0.005000;0.101563;0.046875;0.164063;0.563;0.32;24;24;37;33;28;28;588;531;7.060.000;7.360.000;6.600.000;0;0;1;1;1;0;0;0;0;0;0;0;0;0;17/04/2025 10:30
267;Volkswagen-Sao_Bernardo_03;1;1;0.000000;0.000000;0.010313;0.017812;0.005313;0.101563;0.046875;0.156250;0.438;0.25;24;24;37;33;28;28;588;531;7.060.000;7.360.000;6.600.000;0;0;1;1;1;0;0;0;0;0;0;0;0;0;17/04/2025 10:31
268;Volkswagen-Sao_Bernardo_03;1;1;0.000000;0.000000;0.010313;0.018750;0.005000;0.093750;0.046875;0.164063;0.500;0.28;24;25;37;33;28;28;588;531;7.060.000;7.360.000;6.600.000;0;0;1;1;1;0;0;0;0;0;0;0;0;0;17/04/2025 10:32
269;Volkswagen-Sao_Bernardo_03;1;1;0.000000;0.000000;0.009375;0.018750;0.005313;0.101563;0.054688;0.164063;0.563;0.32;24;25;37;33;28;28;588;531;7.060.000;7.360.000;6.600.000;0;0;1;1;1;0;0;0;0;0;0;0;0;0;17/04/2025 10:33
270;Volkswagen-Sao_Bernardo_03;1;1;0.000000;0.000000;0.011250;0.017812;0.005313;0.101563;0.046875;0.164063;0.500;0.28;24;25;36;33;28;28;588;531;7.060.000;7.360.000;6.600.000;0;0;1;1;1;0;0;0;0;0;0;0;0;0;17/04/2025 10:34
271;Volkswagen-Sao_Bernardo_03;1;1;0.000000;0.000000;0.010313;0.018750;0.005313;0.093750;0.046875;0.156250;0.500;0.28;24;25;36;33;28;28;588;531;7.060.000;7.360.000;6.600.000;0;0;1;1;1;0;0;0;0;0;0;0;0;0;17/04/2025 10:35
272;Volkswagen-Sao_Bernardo_03;1;1;0.000000;0.000000;0.010313;0.017812;0.005313;0.101563;0.046875;0.164063;0.563;0.32;24;25;36;33;28;28;588;531;7.060.000;7.360.000;6.600.000;0;0;1;1;1;0;0;0;0;0;0;0;0;0;17/04/2025 10:36
273;Volkswagen-Sao_Bernardo_03;1;1;0.000000;0.000000;0.009375;0.017812;0.005313;0.093750;0.046875;0.164063;0.500;0.28;24;25;36;33;28;28;588;531;7.060.000;7.360.000;6.600.000;0;0;1;1;1;0;0;0;0;0;0;0;0;0;17/04/2025 10:37
274;Volkswagen-Sao_Bernardo_03;1;1;0.000000;0.000000;0.010313;0.017812;0.005313;0.085938;0.039063;0.164063;0.438;0.25;24;25;36;33;28;28;588;531;7.060.000;7.360.000;6.600.000;0;0;1;1;1;0;0;0;0;0;0;0;0;0;17/04/2025 10:38
275;Volkswagen-Sao_Bernardo_03;1;1;0.000000;0.000000;0.010313;0.018750;0.005313;0.093750;0.046875;0.164063;0.500;0.28;24;25;36;33;28;28;588;531;7.060.000;7.360.000;6.600.000;0;0;1;1;1;0;0;0;0;0;0;0;0;0;17/04/2025 10:39
276;Volkswagen-Sao_Bernardo_03;1;1;0.000000;0.000000;0.009375;0.017812;0.005000;0.101563;0.054688;0.171875;0.563;0.32;24;25;36;33;28;28;588;531;7.060.000;7.360.000;6.600.000;0;0;1;1;1;0;0;0;0;0;0;0;0;0;17/04/2025 10:40
277;Volkswagen-Sao_Bernardo_03;1;1;0.000000;0.000000;0.010313;0.017812;0.005313;0.093750;0.046875;0.164063;0.438;0.25;24;25;36;33;28;29;588;531;7.060.000;7.360.000;6.600.000;0;0;1;1;1;0;0;0;0;0;0;0;0;0;17/04/2025 10:41
278;Volkswagen-Sao_Bernardo_03;1;1;0.000000;0.000000;0.010313;0.017812;0.005313;0.101563;0.046875;0.164063;0.563;0.32;24;25;36;33;28;29;588;531;7.060.000;7.360.000;6.600.000;0;0;1;1;1;0;0;0;0;0;0;0;0;0;17/04/2025 10:42
279;Volkswagen-Sao_Bernardo_03;1;1;0.000000;0.000000;0.009375;0.015937;0.005000;0.101563;0.046875;0.164063;0.563;0.32;24;25;36;33;28;29;588;531;7.060.000;7.360.000;6.600.000;0;0;1;1;1;0;0;0;0;0;0;0;0;0;17/04/2025 10:43
280;Volkswagen-Sao_Bernardo_03;1;1;0.000000;0.000000;0.011250;0.017812;0.005000;0.093750;0.046875;0.164063;0.563;0.32;24;25;36;33;28;29;588;531;7.060.000;7.360.000;6.600.000;0;0;1;1;1;0;0;0;0;0;0;0;0;0;17/04/2025 10:44
281;Volkswagen-Sao_Bernardo_03;1;1;0.000000;0.000000;0.010313;0.017812;0.005313;0.093750;0.046875;0.164063;0.500;0.28;25;25;36;33;28;29;588;531;7.060.000;7.360.000;6.600.000;0;0;1;1;1;0;0;0;0;0;0;0;0;0;17/04/2025 10:45
282;Volkswagen-Sao_Bernardo_03;1;1;0.000000;0.000000;0.011250;0.017812;0.005313;0.093750;0.046875;0.164063;0.500;0.28;25;25;36;33;28;29;588;531;7.060.000;7.360.000;6.600.000;0;0;1;1;1;0;0;0;0;0;0;0;0;0;17/04/2025 10:46
283;Volkswagen-Sao_Bernardo_03;1;1;0.000000;0.000000;0.010313;0.017812;0.005313;0.093750;0.046875;0.164063;0.500;0.28;25;25;36;33;28;29;588;531;7.060.000;7.360.000;6.600.000;0;0;1;1;1;0;0;0;0;0;0;0;0;0;17/04/2025 10:47
284;Volkswagen-Sao_Bernardo_03;1;1;0.000000;0.000000;0.010313;0.018750;0.004688;0.093750;0.046875;0.156250;0.500;0.28;25;25;36;33;28;29;588;531;7.060.000;7.360.000;6.600.000;0;0;1;1;1;0;0;0;0;0;0;0;0;0;17/04/2025 10:48
285;Volkswagen-Sao_Bernardo_03;1;1;0.000000;0.000000;0.011250;0.017812;0.005000;0.101563;0.046875;0.164063;0.563;0.32;25;25;36;33;28;29;588;531;7.060.000;7.360.000;6.600.000;0;0;1;1;1;0;0;0;0;0;0;0;0;0;17/04/2025 10:49
286;Volkswagen-Sao_Bernardo_03;1;1;0.000000;0.000000;0.010313;0.018750;0.005000;0.093750;0.046875;0.164063;0.500;0.28;25;25;36;33;28;29;588;531;7.060.000;7.360.000;6.600.000;0;0;1;1;1;0;0;0;0;0;0;0;0;0;17/04/2025 10:50
287;Volkswagen-Sao_Bernardo_03;1;1;0.000000;0.000000;0.010313;0.018750;0.005313;0.093750;0.039063;0.156250;0.500;0.28;25;25;36;33;28;29;588;531;7.060.000;7.360.000;6.600.000;0;0;1;1;1;0;0;0;0;0;0;0;0;0;17/04/2025 10:51
288;Volkswagen-Sao_Bernardo_03;1;1;0.000000;0.000000;0.010313;0.017812;0.005000;0.093750;0.054688;0.171875;0.563;0.32;25;25;36;33;28;29;588;531;7.060.000;7.360.000;6.600.000;0;0;1;1;1;0;0;0;0;0;0;0;0;0;17/04/2025 10:52
289;Volkswagen-Sao_Bernardo_03;1;1;0.000000;0.000000;0.011250;0.017812;0.005000;0.101563;0.046875;0.164063;0.563;0.32;25;25;36;33;28;29;588;531;7.060.000;7.360.000;6.600.000;0;0;1;1;1;0;0;0;0;0;0;0;0;0;17/04/2025 10:53
290;Volkswagen-Sao_Bernardo_03;1;1;0.000000;0.000000;0.010313;0.018750;0.005313;0.093750;0.046875;0.156250;0.500;0.28;25;25;36;33;28;29;588;531;7.060.000;7.360.000;6.600.000;0;0;1;1;1;0;0;0;0;0;0;0;0;0;17/04/2025 10:54
291;Volkswagen-Sao_Bernardo_03;1;1;0.000000;0.000000;0.010313;0.018750;0.005313;0.093750;0.046875;0.164063;0.500;0.28;25;25;36;33;28;29;588;531;7.060.000;7.360.000;6.600.000;0;0;1;1;1;0;0;0;0;0;0;0;0;0;17/04/2025 10:55
292;Volkswagen-Sao_Bernardo_03;1;1;0.000000;0.000000;0.010313;0.016875;0.005000;0.101563;0.054688;0.164063;0.625;0.35;25;25;36;33;28;29;588;531;7.060.000;7.360.000;6.600.000;0;0;1;1;1;0;0;0;0;0;0;0;0;0;17/04/2025 10:56
293;Volkswagen-Sao_Bernardo_03;1;1;0.000000;0.000000;0.009375;0.017812;0.005000;0.101563;0.046875;0.164063;0.625;0.35;25;25;36;33;28;29;588;531;7.060.000;7.360.000;6.600.000;0;0;1;1;1;0;0;0;0;0;0;0;0;0;17/04/2025 10:57
294;Volkswagen-Sao_Bernardo_03;1;1;0.000000;0.000000;0.009375;0.017812;0.005313;0.101563;0.046875;0.164063;0.500;0.28;25;25;36;33;28;29;588;531;7.060.000;7.360.000;6.600.000;0;0;1;1;1;0;0;0;0;0;0;0;0;0;17/04/2025 10:58
295;Volkswagen-Sao_Bernardo_03;1;1;0.000000;0.000000;0.009375;0.017812;0.005000;0.101563;0.054688;0.164063;0.563;0.32;25;25;36;33;28;29;588;531;7.060.000;7.360.000;6.600.000;0;0;1;1;1;0;0;0;0;0;0;0;0;0;17/04/2025 10:59
296;Volkswagen-Sao_Bernardo_03;1;1;0.000000;0.000000;0.009375;0.017812;0.005000;0.101563;0.046875;0.164063;0.563;0.32;25;25;36;33;28;29;588;531;7.060.000;7.360.000;6.600.000;0;0;1;1;1;0;0;0;0;0;0;0;0;0;17/04/2025 11:00
297;Volkswagen-Sao_Bernardo_03;1;1;0.000000;0.000000;0.010313;0.017812;0.005313;0.093750;0.046875;0.164063;0.563;0.32;25;25;36;33;28;29;588;531;7.060.000;7.360.000;6.600.000;0;0;1;1;1;0;0;0;0;0;0;0;0;0;17/04/2025 11:01
298;Volkswagen-Sao_Bernardo_03;1;1;0.000000;0.000000;0.010313;0.017812;0.005000;0.101563;0.046875;0.164063;0.563;0.32;25;25;36;33;28;29;588;531;7.060.000;7.360.000;6.600.000;0;0;1;1;1;0;0;0;0;0;0;0;0;0;17/04/2025 11:02
299;Volkswagen-Sao_Bernardo_03;1;1;0.000000;0.000000;0.010313;0.017812;0.005313;0.101563;0.054688;0.164063;0.563;0.32;25;25;36;33;28;29;588;531;7.060.000;7.360.000;6.600.000;0;0;1;1;1;0;0;0;0;0;0;0;0;0;17/04/2025 11:03
300;Volkswagen-Sao_Bernardo_03;1;1;0.000000;0.000000;0.010313;0.018750;0.004688;0.101563;0.054688;0.164063;0.563;0.32;25;25;36;33;28;29;588;531;7.060.000;7.360.000;6.600.000;0;0;1;1;1;0;0;0;0;0;0;0;0;0;17/04/2025 11:04
301;Volkswagen-Sao_Bernardo_03;1;1;0.000000;0.000000;0.010313;0.017812;0.005000;0.093750;0.054688;0.164063;0.563;0.32;25;25;36;33;28;29;588;531;7.060.000;7.360.000;6.600.000;0;0;1;1;1;0;0;0;0;0;0;0;0;0;17/04/2025 11:05
302;Volkswagen-Sao_Bernardo_03;1;1;0.000000;0.000000;0.010313;0.017812;0.005000;0.101563;0.054688;0.164063;0.625;0.35;25;25;36;33;28;29;588;531;7.060.000;7.360.000;6.600.000;0;0;1;1;1;0;0;0;0;0;0;0;0;0;17/04/2025 11:06
303;Volkswagen-Sao_Bernardo_03;1;1;0.000000;0.000000;0.009375;0.018750;0.005000;0.093750;0.046875;0.156250;0.438;0.25;25;25;36;33;28;29;588;531;7.060.000;7.360.000;6.600.000;0;0;1;1;1;0;0;0;0;0;0;0;0;0;17/04/2025 11:07
304;Volkswagen-Sao_Bernardo_03;1;1;0.000000;0.000000;0.010313;0.017812;0.005000;0.093750;0.046875;0.156250;0.500;0.28;25;25;36;33;28;29;588;531;7.060.000;7.360.000;6.600.000;0;0;1;1;1;0;0;0;0;0;0;0;0;0;17/04/2025 11:08
305;Volkswagen-Sao_Bernardo_03;1;1;0.000000;0.000000;0.010313;0.018750;0.005000;0.101563;0.054688;0.164063;0.625;0.35;25;25;36;33;28;29;588;531;7.060.000;7.360.000;6.600.000;0;0;1;1;1;0;0;0;0;0;0;0;0;0;17/04/2025 11:09
306;Volkswagen-Sao_Bernardo_03;1;1;0.000000;0.000000;0.010313;0.018750;0.005313;0.093750;0.046875;0.156250;0.500;0.28;25;25;36;33;28;29;588;531;7.060.000;7.360.000;6.600.000;0;0;1;1;1;0;0;0;0;0;0;0;0;0;17/04/2025 11:10
307;Volkswagen-Sao_Bernardo_03;1;1;0.000000;0.000000;0.010313;0.017812;0.005000;0.093750;0.046875;0.164063;0.500;0.28;25;25;36;33;28;29;588;531;7.060.000;7.360.000;6.600.000;0;0;1;1;1;0;0;0;0;0;0;0;0;0;17/04/2025 11:11
308;Volkswagen-Sao_Bernardo_03;1;1;0.000000;0.000000;0.010313;0.018750;0.005000;0.093750;0.046875;0.156250;0.438;0.25;25;25;35;33;28;29;588;531;7.060.000;7.360.000;6.600.000;0;0;1;1;1;0;0;0;0;0;0;0;0;0;17/04/2025 11:12
309;Volkswagen-Sao_Bernardo_03;1;1;0.000000;0.000000;0.010313;0.018750;0.005000;0.093750;0.046875;0.156250;0.500;0.28;25;25;36;33;28;29;588;531;7.060.000;7.360.000;6.600.000;0;0;1;1;1;0;0;0;0;0;0;0;0;0;17/04/2025 11:13
310;Volkswagen-Sao_Bernardo_03;1;1;0.000000;0.000000;0.010313;0.017812;0.005000;0.093750;0.046875;0.156250;0.500;0.28;25;25;36;33;28;29;588;531;7.060.000;7.360.000;6.600.000;0;0;1;1;1;0;0;0;0;0;0;0;0;0;17/04/2025 11:14
311;Volkswagen-Sao_Bernardo_03;1;1;0.000000;0.000000;0.009375;0.017812;0.005000;0.093750;0.054688;0.156250;0.563;0.32;25;25;36;33;28;29;588;531;7.060.000;7.360.000;6.600.000;0;0;1;1;1;0;0;0;0;0;0;0;0;0;17/04/2025 11:15
312;Volkswagen-Sao_Bernardo_03;1;1;0.000000;0.000000;0.010313;0.018750;0.005000;0.101563;0.046875;0.164063;0.563;0.32;25;25;36;33;28;29;588;531;7.060.000;7.360.000;6.600.000;0;0;1;1;1;0;0;0;0;0;0;0;0;0;17/04/2025 11:16
313;Volkswagen-Sao_Bernardo_03;1;1;0.000000;0.000000;0.010313;0.017812;0.005000;0.101563;0.046875;0.164063;0.563;0.32;25;25;36;33;29;29;588;531;7.060.000;7.360.000;6.600.000;0;0;1;1;1;0;0;0;0;0;0;0;0;0;17/04/2025 11:17
314;Volkswagen-Sao_Bernardo_03;1;1;0.000000;0.000000;0.010313;0.018750;0.005000;0.093750;0.046875;0.156250;0.438;0.25;25;25;36;33;29;29;588;531;7.060.000;7.360.000;6.600.000;0;0;1;1;1;0;0;0;0;0;0;0;0;0;17/04/2025 11:18
315;Volkswagen-Sao_Bernardo_03;1;1;0.000000;0.000000;0.010313;0.018750;0.005000;0.101563;0.046875;0.171875;0.625;0.35;25;25;37;33;29;29;588;531;7.060.000;7.360.000;6.600.000;0;0;1;1;1;0;0;0;0;0;0;0;0;0;17/04/2025 11:19
316;Volkswagen-Sao_Bernardo_03;1;1;0.000000;0.000000;0.010313;0.017812;0.005000;0.093750;0.054688;0.164063;0.563;0.32;25;25;37;33;29;29;588;531;7.060.000;7.360.000;6.600.000;0;0;1;1;1;0;0;0;0;0;0;0;0;0;17/04/2025 11:20
317;Volkswagen-Sao_Bernardo_03;1;1;0.000000;0.000000;0.009375;0.017812;0.005313;0.093750;0.054688;0.164063;0.500;0.28;25;25;37;33;29;29;588;531;7.060.000;7.360.000;6.600.000;0;0;1;1;1;0;0;0;0;0;0;0;0;0;17/04/2025 11:21
318;Volkswagen-Sao_Bernardo_03;1;1;0.000000;0.000000;0.010313;0.017812;0.005000;0.093750;0.054688;0.156250;0.500;0.28;25;25;38;33;29;29;588;531;7.060.000;7.360.000;6.600.000;0;0;1;1;1;0;0;0;0;0;0;0;0;0;17/04/2025 11:22
319;Volkswagen-Sao_Bernardo_03;1;1;0.000000;0.000000;0.010313;0.017812;0.004688;0.101563;0.054688;0.164063;0.625;0.35;25;25;38;33;29;29;588;531;7.060.000;7.360.000;6.600.000;0;0;1;1;1;0;0;0;0;0;0;0;0;0;17/04/2025 11:23
320;Volkswagen-Sao_Bernardo_03;1;1;0.000000;0.000000;0.009375;0.017812;0.005000;0.093750;0.046875;0.156250;0.563;0.32;25;25;38;33;29;29;588;531;7.060.000;7.360.000;6.600.000;0;0;1;1;1;0;0;0;0;0;0;0;0;0;17/04/2025 11:24
321;Volkswagen-Sao_Bernardo_03;1;1;0.000000;0.000000;0.009375;0.018750;0.005313;0.093750;0.054688;0.164063;0.500;0.28;25;25;38;33;29;29;588;531;7.060.000;7.360.000;6.600.000;0;0;1;1;1;0;0;0;0;0;0;0;0;0;17/04/2025 11:25
322;Volkswagen-Sao_Bernardo_03;1;1;0.000000;0.000000;0.010313;0.018750;0.005000;0.101563;0.046875;0.164063;0.625;0.35;25;25;38;33;29;29;588;531;7.060.000;7.360.000;6.600.000;0;0;1;1;1;0;0;0;0;0;0;0;0;0;17/04/2025 11:26
323;Volkswagen-Sao_Bernardo_03;1;1;0.000000;0.000000;0.009375;0.017812;0.005000;0.093750;0.046875;0.156250;0.438;0.25;25;25;38;33;29;29;588;531;7.060.000;7.360.000;6.600.000;0;0;1;1;1;0;0;0;0;0;0;0;0;0;17/04/2025 11:27
324;Volkswagen-Sao_Bernardo_03;1;1;0.000000;0.000000;0.009375;0.017812;0.005313;0.093750;0.046875;0.156250;0.438;0.25;25;25;38;33;29;29;588;531;7.060.000;7.360.000;6.600.000;0;0;1;1;1;0;0;0;0;0;0;0;0;0;17/04/2025 11:28
325;Volkswagen-Sao_Bernardo_03;1;1;0.000000;0.000000;0.009375;0.016875;0.005000;0.093750;0.046875;0.164063;0.563;0.32;25;25;39;33;29;29;588;531;7.060.000;7.360.000;6.600.000;0;0;1;1;1;0;0;0;0;0;0;0;0;0;17/04/2025 11:29
326;Volkswagen-Sao_Bernardo_03;1;1;0.000000;0.000000;0.010313;0.017812;0.005313;0.093750;0.046875;0.156250;0.438;0.25;25;25;39;33;29;29;588;531;7.060.000;7.360.000;6.600.000;0;0;1;1;1;0;0;0;0;0;0;0;0;0;17/04/2025 11:30
327;Volkswagen-Sao_Bernardo_03;1;1;0.000000;0.000000;0.010313;0.018750;0.005000;0.101563;0.046875;0.164063;0.563;0.32;25;25;38;33;29;29;588;531;7.060.000;7.360.000;6.600.000;0;0;1;1;1;0;0;0;0;0;0;0;0;0;17/04/2025 11:31
328;Volkswagen-Sao_Bernardo_03;1;1;0.000000;0.000000;0.010313;0.017812;0.005000;0.101563;0.054688;0.164063;0.625;0.35;25;25;38;33;29;29;588;531;7.060.000;7.360.000;6.600.000;0;0;1;1;1;0;0;0;0;0;0;0;0;0;17/04/2025 11:32
329;Volkswagen-Sao_Bernardo_03;1;1;0.000000;0.000000;0.010313;0.018750;0.005000;0.093750;0.046875;0.156250;0.438;0.25;25;25;38;33;29;29;588;531;7.060.000;7.360.000;6.600.000;0;0;1;1;1;0;0;0;0;0;0;0;0;0;17/04/2025 11:33
330;Volkswagen-Sao_Bernardo_03;1;1;0.000000;0.000000;0.010313;0.018750;0.005000;0.101563;0.046875;0.164063;0.563;0.32;25;25;38;33;29;29;588;531;7.060.000;7.360.000;6.600.000;0;0;1;1;1;0;0;0;0;0;0;0;0;0;17/04/2025 11:34
331;Volkswagen-Sao_Bernardo_03;1;1;0.000000;0.000000;0.010313;0.017812;0.005000;0.101563;0.046875;0.164063;0.563;0.32;25;25;38;33;29;30;588;531;7.060.000;7.360.000;6.600.000;0;0;1;1;1;0;0;0;0;0;0;0;0;0;17/04/2025 11:35
332;Volkswagen-Sao_Bernardo_03;1;1;0.000000;0.000000;0.010313;0.017812;0.005000;0.093750;0.046875;0.156250;0.500;0.28;25;25;38;33;29;30;588;531;7.060.000;7.360.000;6.600.000;0;0;1;1;1;0;0;0;0;0;0;0;0;0;17/04/2025 11:36
333;Volkswagen-Sao_Bernardo_03;1;1;0.000000;0.000000;0.010313;0.017812;0.005000;0.093750;0.046875;0.156250;0.438;0.25;25;25;38;33;29;30;588;531;7.060.000;7.360.000;6.600.000;0;0;1;1;1;0;0;0;0;0;0;0;0;0;17/04/2025 11:37
334;Volkswagen-Sao_Bernardo_03;1;1;0.000000;0.000000;0.010313;0.017812;0.004688;0.093750;0.054688;0.156250;0.500;0.28;25;25;38;33;29;30;588;531;7.060.000;7.360.000;6.600.000;0;0;1;1;1;0;0;0;0;0;0;0;0;0;17/04/2025 11:38
335;Volkswagen-Sao_Bernardo_03;1;1;0.000000;0.000000;0.009375;0.017812;0.004688;0.085938;0.046875;0.156250;0.438;0.25;25;25;38;33;29;30;588;531;7.060.000;7.360.000;6.600.000;0;0;1;1;1;0;0;0;0;0;0;0;0;0;17/04/2025 11:39
336;Volkswagen-Sao_Bernardo_03;1;1;0.000000;0.000000;0.010313;0.017812;0.005000;0.093750;0.054688;0.164063;0.563;0.32;25;25;38;33;29;30;588;531;7.060.000;7.360.000;6.600.000;0;0;1;1;1;0;0;0;0;0;0;0;0;0;17/04/2025 11:40
337;Volkswagen-Sao_Bernardo_03;1;1;0.000000;0.000000;0.010313;0.016875;0.005000;0.101563;0.054688;0.164063;0.563;0.32;25;25;38;33;29;30;588;531;7.060.000;7.360.000;6.600.000;0;0;1;1;1;0;0;0;0;0;0;0;0;0;17/04/2025 11:41
338;Volkswagen-Sao_Bernardo_03;1;1;0.000000;0.000000;0.009375;0.017812;0.005000;0.093750;0.046875;0.156250;0.438;0.25;25;25;38;33;29;30;588;531;7.060.000;7.360.000;6.600.000;0;0;1;1;1;0;0;0;0;0;0;0;0;0;17/04/2025 11:42
339;Volkswagen-Sao_Bernardo_03;1;1;0.000000;0.000000;0.009375;0.017812;0.005000;0.085938;0.046875;0.156250;0.438;0.25;25;25;38;33;29;30;588;531;7.060.000;7.360.000;6.600.000;0;0;1;1;1;0;0;0;0;0;0;0;0;0;17/04/2025 11:43
340;Volkswagen-Sao_Bernardo_03;1;1;0.000000;0.000000;0.011250;0.017812;0.005000;0.093750;0.054688;0.164063;0.563;0.32;25;25;38;33;29;30;588;531;7.060.000;7.360.000;6.600.000;0;0;1;1;1;0;0;0;0;0;0;0;0;0;17/04/2025 11:44
341;Volkswagen-Sao_Bernardo_03;1;1;0.000000;0.000000;0.010313;0.016875;0.004688;0.101563;0.054688;0.164063;0.625;0.35;25;25;38;33;29;30;588;531;7.060.000;7.360.000;6.600.000;0;0;1;1;1;0;0;0;0;0;0;0;0;0;17/04/2025 11:45
342;Volkswagen-Sao_Bernardo_03;1;1;0.000000;0.000000;0.009375;0.017812;0.005000;0.101563;0.054688;0.164063;0.563;0.32;25;25;38;33;29;30;588;531;7.060.000;7.360.000;6.600.000;0;0;1;1;1;0;0;0;0;0;0;0;0;0;17/04/2025 11:46
343;Volkswagen-Sao_Bernardo_03;1;1;0.000000;0.000000;0.010313;0.017812;0.005000;0.101563;0.054688;0.164063;0.625;0.35;25;25;38;33;29;30;588;531;7.060.000;7.360.000;6.600.000;0;0;1;1;1;0;0;0;0;0;0;0;0;0;17/04/2025 11:47
344;Volkswagen-Sao_Bernardo_03;1;1;0.000000;0.000000;0.009375;0.017812;0.005000;0.093750;0.054688;0.164063;0.563;0.32;25;25;38;33;29;30;588;531;7.060.000;7.360.000;6.600.000;0;0;1;1;1;0;0;0;0;0;0;0;0;0;17/04/2025 11:48
345;Volkswagen-Sao_Bernardo_03;1;1;0.000000;0.000000;0.009375;0.017812;0.005000;0.093750;0.046875;0.156250;0.500;0.28;25;25;38;34;29;30;588;531;7.060.000;7.360.000;6.600.000;0;0;1;1;1;0;0;0;0;0;0;0;0;0;17/04/2025 11:49
346;Volkswagen-Sao_Bernardo_03;1;1;0.000000;0.000000;0.009375;0.017812;0.004688;0.093750;0.054688;0.164063;0.563;0.32;25;25;38;34;29;30;588;531;7.060.000;7.360.000;6.600.000;0;0;1;1;1;0;0;0;0;0;0;0;0;0;17/04/2025 11:50
347;Volkswagen-Sao_Bernardo_03;1;1;0.000000;0.000000;0.010313;0.017812;0.004688;0.101563;0.046875;0.164063;0.625;0.35;25;25;38;34;29;30;588;531;7.060.000;7.360.000;6.600.000;0;0;1;1;1;0;0;0;0;0;0;0;0;0;17/04/2025 11:51
348;Volkswagen-Sao_Bernardo_03;1;1;0.000000;0.000000;0.009375;0.017812;0.004688;0.093750;0.054688;0.164063;0.563;0.32;25;25;38;34;29;30;588;531;7.060.000;7.360.000;6.600.000;0;0;1;1;1;0;0;0;0;0;0;0;0;0;17/04/2025 11:52
349;Volkswagen-Sao_Bernardo_03;1;1;0.000000;0.000000;0.009375;0.017812;0.004688;0.093750;0.046875;0.164063;0.563;0.32;25;25;38;34;29;30;588;531;7.060.000;7.360.000;6.600.000;0;0;1;1;1;0;0;0;0;0;0;0;0;0;17/04/2025 11:53
350;Volkswagen-Sao_Bernardo_03;1;1;0.000000;0.000000;0.009375;0.017812;0.004688;0.101563;0.046875;0.164063;0.563;0.32;25;25;38;34;29;30;588;531;7.060.000;7.360.000;6.600.000;0;0;1;1;1;0;0;0;0;0;0;0;0;0;17/04/2025 11:54
351;Volkswagen-Sao_Bernardo_03;1;1;0.000000;0.000000;0.009375;0.018750;0.004688;0.093750;0.046875;0.156250;0.500;0.28;25;25;38;34;29;30;588;531;7.060.000;7.360.000;6.600.000;0;0;1;1;1;0;0;0;0;0;0;0;0;0;17/04/2025 11:55
352;Volkswagen-Sao_Bernardo_03;1;1;0.000000;0.000000;0.010313;0.017812;0.005000;0.093750;0.046875;0.164063;0.563;0.32;25;25;38;34;29;30;588;531;7.060.000;7.360.000;6.600.000;0;0;1;1;1;0;0;0;0;0;0;0;0;0;17/04/2025 11:56
353;Volkswagen-Sao_Bernardo_03;1;1;0.000000;0.000000;0.008438;0.017812;0.004688;0.093750;0.046875;0.156250;0.500;0.28;25;25;38;34;29;30;588;531;7.060.000;7.360.000;6.600.000;0;0;1;1;1;0;0;0;0;0;0;0;0;0;17/04/2025 11:57
354;Volkswagen-Sao_Bernardo_03;1;1;0.000000;0.000000;0.008438;0.017812;0.004688;0.101563;0.054688;0.164063;0.563;0.32;26;25;38;34;29;30;588;531;7.060.000;7.360.000;6.600.000;0;0;1;1;1;0;0;0;0;0;0;0;0;0;17/04/2025 11:58
355;Volkswagen-Sao_Bernardo_03;1;1;0.000000;0.000000;0.009375;0.017812;0.004688;0.101563;0.054688;0.164063;0.563;0.32;26;25;38;34;29;30;588;531;7.060.000;7.360.000;6.600.000;0;0;1;1;1;0;0;0;0;0;0;0;0;0;17/04/2025 11:59
356;Volkswagen-Sao_Bernardo_03;1;1;0.000000;0.000000;0.009375;0.018750;0.004688;0.101563;0.054688;0.164063;0.563;0.32;26;25;38;34;29;30;588;531;7.060.000;7.360.000;6.600.000;0;0;1;1;1;0;0;0;0;0;0;0;0;0;17/04/2025 12:00
357;Volkswagen-Sao_Bernardo_03;1;1;0.000000;0.000000;0.009375;0.017812;0.005000;0.093750;0.046875;0.156250;0.500;0.28;26;25;38;34;29;30;588;531;7.060.000;7.360.000;6.600.000;0;0;1;1;1;0;0;0;0;0;0;0;0;0;17/04/2025 12:01
358;Volkswagen-Sao_Bernardo_03;1;1;0.000000;0.000000;0.009375;0.017812;0.005000;0.093750;0.046875;0.156250;0.500;0.28;26;25;38;34;29;30;588;531;7.060.000;7.360.000;6.600.000;0;0;1;1;1;0;0;0;0;0;0;0;0;0;17/04/2025 12:02
359;Volkswagen-Sao_Bernardo_03;1;1;0.000000;0.000000;0.009375;0.017812;0.005000;0.093750;0.046875;0.156250;0.500;0.28;26;25;38;34;29;30;588;531;7.060.000;7.360.000;6.600.000;0;0;1;1;1;0;0;0;0;0;0;0;0;0;17/04/2025 12:03
360;Volkswagen-Sao_Bernardo_03;1;1;0.000000;0.000000;0.009375;0.017812;0.004688;0.093750;0.046875;0.156250;0.500;0.28;26;25;38;34;29;30;588;531;7.060.000;7.360.000;6.600.000;0;0;1;1;1;0;0;0;0;0;0;0;0;0;17/04/2025 12:04
361;Volkswagen-Sao_Bernardo_03;1;1;0.000000;0.000000;0.009375;0.017812;0.004688;0.093750;0.046875;0.156250;0.438;0.25;26;25;38;34;29;30;588;531;7.060.000;7.360.000;6.600.000;0;0;1;1;1;0;0;0;0;0;0;0;0;0;17/04/2025 12:05
362;Volkswagen-Sao_Bernardo_03;1;1;0.000000;0.000000;0.009375;0.016875;0.005000;0.085938;0.046875;0.156250;0.500;0.28;26;25;38;34;29;30;588;531;7.060.000;7.360.000;6.600.000;0;0;1;1;1;0;0;0;0;0;0;0;0;0;17/04/2025 12:06
363;Volkswagen-Sao_Bernardo_03;1;1;0.000000;0.000000;0.008438;0.017812;0.004688;0.093750;0.046875;0.156250;0.500;0.28;26;25;38;34;29;30;588;531;7.060.000;7.360.000;6.600.000;0;0;1;1;1;0;0;0;0;0;0;0;0;0;17/04/2025 12:07
364;Volkswagen-Sao_Bernardo_03;1;1;0.000000;0.000000;0.009375;0.017812;0.004688;0.093750;0.046875;0.156250;0.500;0.28;26;25;38;34;30;30;588;531;7.060.000;7.360.000;6.600.000;0;0;1;1;1;0;0;0;0;0;0;0;0;0;17/04/2025 12:08
365;Volkswagen-Sao_Bernardo_03;1;1;0.000000;0.000000;0.009375;0.017812;0.004688;0.093750;0.046875;0.156250;0.500;0.28;26;25;38;34;30;30;588;531;7.060.000;7.360.000;6.600.000;0;0;1;1;1;0;0;0;0;0;0;0;0;0;17/04/2025 12:09
366;Volkswagen-Sao_Bernardo_03;1;1;0.000000;0.000000;0.009375;0.017812;0.005000;0.101563;0.054688;0.164063;0.625;0.35;26;25;38;34;30;30;588;531;7.060.000;7.360.000;6.600.000;0;0;1;1;1;0;0;0;0;0;0;0;0;0;17/04/2025 12:10
367;Volkswagen-Sao_Bernardo_03;1;1;0.000000;0.000000;0.009375;0.017812;0.005000;0.093750;0.046875;0.148438;0.438;0.25;26;25;38;34;30;30;588;531;7.060.000;7.360.000;6.600.000;0;0;1;1;1;0;0;0;0;0;0;0;0;0;17/04/2025 12:11
368;Volkswagen-Sao_Bernardo_03;1;1;0.000000;0.000000;0.009375;0.018750;0.004688;0.101563;0.054688;0.164063;0.625;0.35;26;25;37;34;30;30;588;531;7.060.000;7.360.000;6.600.000;0;0;1;1;1;0;0;0;0;0;0;0;0;0;17/04/2025 12:12
369;Volkswagen-Sao_Bernardo_03;1;1;0.000000;0.000000;0.009375;0.018750;0.005000;0.101563;0.054688;0.164063;0.563;0.32;26;25;37;34;30;30;588;531;7.060.000;7.360.000;6.600.000;0;0;1;1;1;0;0;0;0;0;0;0;0;0;17/04/2025 12:13
370;Volkswagen-Sao_Bernardo_03;1;1;0.000000;0.000000;0.009375;0.018750;0.004688;0.101563;0.046875;0.156250;0.500;0.28;26;25;37;34;30;30;588;531;7.060.000;7.360.000;6.600.000;0;0;1;1;1;0;0;0;0;0;0;0;0;0;17/04/2025 12:14
371;Volkswagen-Sao_Bernardo_03;1;1;0.000000;0.000000;0.009375;0.017812;0.004688;0.093750;0.046875;0.156250;0.500;0.28;26;25;37;34;30;30;588;531;7.060.000;7.360.000;6.600.000;0;0;1;1;1;0;0;0;0;0;0;0;0;0;17/04/2025 12:15
372;Volkswagen-Sao_Bernardo_03;1;1;0.000000;0.000000;0.009375;0.017812;0.004688;0.093750;0.039063;0.156250;0.438;0.25;26;26;37;34;30;30;588;531;7.060.000;7.360.000;6.600.000;0;0;1;1;1;0;0;0;0;0;0;0;0;0;17/04/2025 12:16
373;Volkswagen-Sao_Bernardo_03;1;1;0.000000;0.000000;0.008438;0.017812;0.005000;0.093750;0.046875;0.148438;0.500;0.28;26;26;37;34;30;30;588;531;7.060.000;7.360.000;6.600.000;0;0;1;1;1;0;0;0;0;0;0;0;0;0;17/04/2025 12:17
374;Volkswagen-Sao_Bernardo_03;1;1;0.000000;0.000000;0.009375;0.018750;0.004688;0.093750;0.046875;0.156250;0.500;0.28;26;26;37;34;30;30;588;531;7.060.000;7.360.000;6.600.000;0;0;1;1;1;0;0;0;0;0;0;0;0;0;17/04/2025 12:18
375;Volkswagen-Sao_Bernardo_03;1;1;0.000000;0.000000;0.009375;0.018750;0.004688;0.093750;0.046875;0.156250;0.500;0.28;26;26;37;34;30;30;588;531;7.060.000;7.360.000;6.600.000;0;0;1;1;1;0;0;0;0;0;0;0;0;0;17/04/2025 12:19
376;Volkswagen-Sao_Bernardo_03;1;1;0.000000;0.000000;0.009375;0.017812;0.004688;0.093750;0.054688;0.156250;0.563;0.32;26;26;37;34;30;30;588;531;7.060.000;7.360.000;6.600.000;0;0;1;1;1;0;0;0;0;0;0;0;0;0;17/04/2025 12:20
377;Volkswagen-Sao_Bernardo_03;1;1;0.000000;0.000000;0.009375;0.017812;0.004688;0.085938;0.039063;0.148438;0.438;0.25;26;26;37;34;30;30;588;531;7.060.000;7.360.000;6.600.000;0;0;1;1;1;0;0;0;0;0;0;0;0;0;17/04/2025 12:21
378;Volkswagen-Sao_Bernardo_03;1;1;0.000000;0.000000;0.009375;0.017812;0.004375;0.093750;0.046875;0.156250;0.563;0.32;26;26;37;34;30;30;588;531;7.060.000;7.360.000;6.600.000;0;0;1;1;1;0;0;0;0;0;0;0;0;0;17/04/2025 12:22
379;Volkswagen-Sao_Bernardo_03;1;1;0.000000;0.000000;0.009375;0.017812;0.005000;0.093750;0.046875;0.156250;0.438;0.25;26;26;37;34;30;30;588;531;7.060.000;7.360.000;6.600.000;0;0;1;1;1;0;0;0;0;0;0;0;0;0;17/04/2025 12:23
380;Volkswagen-Sao_Bernardo_03;1;1;0.000000;0.000000;0.009375;0.017812;0.005000;0.093750;0.046875;0.156250;0.500;0.28;26;26;37;34;30;30;588;531;7.060.000;7.360.000;6.600.000;0;0;1;1;1;0;0;0;0;0;0;0;0;0;17/04/2025 12:24
381;Volkswagen-Sao_Bernardo_03;1;1;0.000000;0.000000;0.009375;0.017812;0.004375;0.093750;0.054688;0.164063;0.625;0.35;26;26;37;34;30;30;588;531;7.060.000;7.360.000;6.600.000;0;0;1;1;1;0;0;0;0;0;0;0;0;0;17/04/2025 12:25
382;Volkswagen-Sao_Bernardo_03;1;1;0.000000;0.000000;0.009375;0.017812;0.004688;0.093750;0.046875;0.156250;0.438;0.25;26;26;37;34;30;30;588;531;7.060.000;7.360.000;6.600.000;0;0;1;1;1;0;0;0;0;0;0;0;0;0;17/04/2025 12:26
383;Volkswagen-Sao_Bernardo_03;1;1;0.000000;0.000000;0.008438;0.017812;0.004688;0.085938;0.046875;0.156250;0.500;0.28;26;26;37;34;30;30;588;531;7.060.000;7.360.000;6.600.000;0;0;1;1;1;0;0;0;0;0;0;0;0;0;17/04/2025 12:27
384;Volkswagen-Sao_Bernardo_03;1;1;0.000000;0.000000;0.009375;0.018750;0.005000;0.101563;0.046875;0.156250;0.563;0.32;26;26;37;34;30;30;588;531;7.060.000;7.360.000;6.600.000;0;0;1;1;1;0;0;0;0;0;0;0;0;0;17/04/2025 12:28
385;Volkswagen-Sao_Bernardo_03;1;1;0.000000;0.000000;0.009375;0.017812;0.004688;0.093750;0.046875;0.156250;0.500;0.28;26;26;37;34;30;30;588;531;7.060.000;7.360.000;6.600.000;0;0;1;1;1;0;0;0;0;0;0;0;0;0;17/04/2025 12:29
386;Volkswagen-Sao_Bernardo_03;1;1;0.000000;0.000000;0.009375;0.017812;0.004688;0.101563;0.054688;0.156250;0.563;0.32;26;26;37;34;30;30;588;531;7.060.000;7.360.000;6.600.000;0;0;1;1;1;0;0;0;0;0;0;0;0;0;17/04/2025 12:30
387;Volkswagen-Sao_Bernardo_03;1;1;0.000000;0.000000;0.009375;0.017812;0.004688;0.101563;0.054688;0.164063;0.625;0.35;26;26;37;34;30;30;588;531;7.060.000;7.360.000;6.600.000;0;0;1;1;1;0;0;0;0;0;0;0;0;0;17/04/2025 12:31
388;Volkswagen-Sao_Bernardo_03;1;1;0.000000;0.000000;0.009375;0.017812;0.004688;0.101563;0.054688;0.156250;0.563;0.32;26;26;37;34;30;30;588;531;7.060.000;7.360.000;6.600.000;0;0;1;1;1;0;0;0;0;0;0;0;0;0;17/04/2025 12:32
389;Volkswagen-Sao_Bernardo_03;1;1;0.000000;0.000000;0.009375;0.017812;0.004688;0.093750;0.046875;0.156250;0.500;0.28;26;26;37;34;30;30;588;531;7.060.000;7.360.000;6.600.000;0;0;1;1;1;0;0;0;0;0;0;0;0;0;17/04/2025 12:33
390;Volkswagen-Sao_Bernardo_03;1;1;0.000000;0.000000;0.009375;0.017812;0.004688;0.093750;0.046875;0.156250;0.500;0.28;26;26;37;34;30;30;588;531;7.060.000;7.360.000;6.600.000;0;0;1;1;1;0;0;0;0;0;0;0;0;0;17/04/2025 12:34
391;Volkswagen-Sao_Bernardo_03;1;1;0.000000;0.000000;0.009375;0.018750;0.004688;0.101563;0.054688;0.156250;0.563;0.32;26;26;37;34;30;30;588;531;7.060.000;7.360.000;6.600.000;0;0;1;1;1;0;0;0;0;0;0;0;0;0;17/04/2025 12:35
392;Volkswagen-Sao_Bernardo_03;1;1;0.000000;0.000000;0.009375;0.018750;0.004688;0.093750;0.046875;0.156250;0.500;0.28;26;26;37;34;30;30;588;531;7.060.000;7.360.000;6.600.000;0;0;1;1;1;0;0;0;0;0;0;0;0;0;17/04/2025 12:36
393;Volkswagen-Sao_Bernardo_03;1;1;0.000000;0.000000;0.009375;0.017812;0.004375;0.101563;0.054688;0.164063;0.563;0.32;26;26;37;34;30;30;588;531;7.060.000;7.360.000;6.600.000;0;0;1;1;1;0;0;0;0;0;0;0;0;0;17/04/2025 12:37
394;Volkswagen-Sao_Bernardo_03;1;1;0.000000;0.000000;0.009375;0.017812;0.004375;0.093750;0.054688;0.164063;0.625;0.35;26;26;37;34;30;30;588;531;7.060.000;7.360.000;6.600.000;0;0;1;1;1;0;0;0;0;0;0;0;0;0;17/04/2025 12:38
395;Volkswagen-Sao_Bernardo_03;1;1;0.000000;0.000000;0.009375;0.017812;0.004375;0.101563;0.054688;0.164063;0.625;0.35;26;26;37;34;30;30;588;531;7.060.000;7.360.000;6.600.000;0;0;1;1;1;0;0;0;0;0;0;0;0;0;17/04/2025 12:39
396;Volkswagen-Sao_Bernardo_03;1;1;0.000000;0.000000;0.010313;0.017812;0.004688;0.093750;0.046875;0.164063;0.563;0.32;26;26;37;34;30;30;588;531;7.060.000;7.360.000;6.600.000;0;0;1;1;1;0;0;0;0;0;0;0;0;0;17/04/2025 12:40
397;Volkswagen-Sao_Bernardo_03;1;1;0.000000;0.000000;0.009375;0.017812;0.005000;0.085938;0.046875;0.156250;0.500;0.28;26;26;37;34;30;30;588;531;7.060.000;7.360.000;6.600.000;0;0;1;1;1;0;0;0;0;0;0;0;0;0;17/04/2025 12:41
398;Volkswagen-Sao_Bernardo_03;1;1;0.000000;0.000000;0.009375;0.017812;0.004688;0.101563;0.046875;0.164063;0.563;0.32;26;26;37;34;30;30;588;531;7.060.000;7.360.000;6.600.000;0;0;1;1;1;0;0;0;0;0;0;0;0;0;17/04/2025 12:42
399;Volkswagen-Sao_Bernardo_03;1;1;0.000000;0.000000;0.008438;0.017812;0.004688;0.093750;0.054688;0.156250;0.563;0.32;26;26;37;34;30;30;588;531;7.060.000;7.360.000;6.600.000;0;0;1;1;1;0;0;0;0;0;0;0;0;0;17/04/2025 12:43
400;Volkswagen-Sao_Bernardo_03;1;1;0.000000;0.000000;0.008438;0.017812;0.004688;0.093750;0.046875;0.156250;0.500;0.28;26;26;37;34;30;30;588;531;7.060.000;7.360.000;6.600.000;0;0;1;1;1;0;0;0;0;0;0;0;0;0;17/04/2025 12:44
401;Volkswagen-Sao_Bernardo_03;1;1;0.000000;0.000000;0.008438;0.018750;0.004375;0.093750;0.046875;0.156250;0.438;0.25;26;26;37;34;30;30;588;531;7.060.000;7.360.000;6.600.000;0;0;1;1;1;0;0;0;0;0;0;0;0;0;17/04/2025 12:45
402;Volkswagen-Sao_Bernardo_03;1;1;0.000000;0.000000;0.008438;0.018750;0.004375;0.093750;0.054688;0.156250;0.563;0.32;26;26;37;34;30;30;588;531;7.060.000;7.360.000;6.600.000;0;0;1;1;1;0;0;0;0;0;0;0;0;0;17/04/2025 12:46
403;Volkswagen-Sao_Bernardo_03;1;1;0.000000;0.000000;0.009375;0.018750;0.004375;0.093750;0.046875;0.156250;0.500;0.28;26;26;37;34;30;30;588;531;7.060.000;7.360.000;6.600.000;0;0;1;1;1;0;0;0;0;0;0;0;0;0;17/04/2025 12:47
404;Volkswagen-Sao_Bernardo_03;1;1;0.000000;0.000000;0.008438;0.017812;0.004375;0.093750;0.054688;0.156250;0.563;0.32;26;26;37;34;30;30;588;531;7.060.000;7.360.000;6.600.000;0;0;1;1;1;0;0;0;0;0;0;0;0;0;17/04/2025 12:48
405;Volkswagen-Sao_Bernardo_03;1;1;0.000000;0.000000;0.009375;0.017812;0.004375;0.085938;0.039063;0.148438;0.500;0.28;26;26;37;34;30;30;588;531;7.060.000;7.360.000;6.600.000;0;0;1;1;1;0;0;0;0;0;0;0;0;0;17/04/2025 12:49
406;Volkswagen-Sao_Bernardo_03;1;1;0.000000;0.000000;0.008438;0.017812;0.004375;0.093750;0.054688;0.164063;0.625;0.35;26;26;37;34;30;30;588;531;7.060.000;7.360.000;6.600.000;0;0;1;1;1;0;0;0;0;0;0;0;0;0;17/04/2025 12:50
407;Volkswagen-Sao_Bernardo_03;1;1;0.000000;0.000000;0.009375;0.016875;0.004375;0.101563;0.054688;0.156250;0.563;0.32;26;26;37;34;30;30;588;531;7.060.000;7.360.000;6.600.000;0;0;1;1;1;0;0;0;0;0;0;0;0;0;17/04/2025 12:51
408;Volkswagen-Sao_Bernardo_03;1;1;0.000000;0.000000;0.009375;0.018750;0.004688;0.093750;0.046875;0.156250;0.500;0.28;26;26;37;34;30;30;588;531;7.060.000;7.360.000;6.600.000;0;0;1;1;1;0;0;0;0;0;0;0;0;0;17/04/2025 12:52
409;Volkswagen-Sao_Bernardo_03;1;1;0.000000;0.000000;0.008438;0.017812;0.004688;0.101563;0.054688;0.164063;0.625;0.35;26;26;37;34;30;30;588;531;7.060.000;7.360.000;6.600.000;0;0;1;1;1;0;0;0;0;0;0;0;0;0;17/04/2025 12:53
410;Volkswagen-Sao_Bernardo_03;1;1;0.000000;0.000000;0.009375;0.017812;0.004688;0.093750;0.054688;0.156250;0.625;0.35;26;26;37;34;30;30;588;531;7.060.000;7.360.000;6.600.000;0;0;1;1;1;0;0;0;0;0;0;0;0;0;17/04/2025 12:54
411;Volkswagen-Sao_Bernardo_03;1;1;0.000000;0.000000;0.008438;0.018750;0.004375;0.093750;0.046875;0.156250;0.500;0.28;26;26;37;34;30;30;588;531;7.060.000;7.360.000;6.600.000;0;0;1;1;1;0;0;0;0;0;0;0;0;0;17/04/2025 12:55
412;Volkswagen-Sao_Bernardo_03;1;1;0.000000;0.000000;0.008438;0.017812;0.005000;0.085938;0.046875;0.156250;0.438;0.25;26;26;36;34;30;30;588;531;7.060.000;7.360.000;6.600.000;0;0;1;1;1;0;0;0;0;0;0;0;0;0;17/04/2025 12:56
413;Volkswagen-Sao_Bernardo_03;1;1;0.000000;0.000000;0.009375;0.018750;0.004688;0.093750;0.054688;0.156250;0.625;0.35;26;26;36;34;30;30;588;531;7.060.000;7.360.000;6.600.000;0;0;1;1;1;0;0;0;0;0;0;0;0;0;17/04/2025 12:57
414;Volkswagen-Sao_Bernardo_03;1;1;0.000000;0.000000;0.009375;0.017812;0.004375;0.093750;0.046875;0.156250;0.500;0.28;26;26;36;35;30;30;588;531;7.060.000;7.360.000;6.600.000;0;0;1;1;1;0;0;0;0;0;0;0;0;0;17/04/2025 12:58
415;Volkswagen-Sao_Bernardo_03;1;1;0.000000;0.000000;0.008438;0.017812;0.004375;0.093750;0.046875;0.156250;0.500;0.28;26;26;36;35;30;30;588;531;7.060.000;7.360.000;6.600.000;0;0;1;1;1;0;0;0;0;0;0;0;0;0;17/04/2025 12:59
416;Volkswagen-Sao_Bernardo_03;1;1;0.000000;0.000000;0.008438;0.017812;0.004375;0.085938;0.046875;0.156250;0.500;0.28;26;26;36;35;30;30;588;531;7.060.000;7.360.000;6.600.000;0;0;1;1;1;0;0;0;0;0;0;0;0;0;17/04/2025 13:00
417;Volkswagen-Sao_Bernardo_03;1;1;0.000000;0.000000;0.009375;0.017812;0.004375;0.101563;0.046875;0.156250;0.563;0.32;26;26;36;35;30;30;588;531;7.060.000;7.360.000;6.600.000;0;0;1;1;1;0;0;0;0;0;0;0;0;0;17/04/2025 13:01
418;Volkswagen-Sao_Bernardo_03;1;1;0.000000;0.000000;0.008438;0.017812;0.004375;0.093750;0.046875;0.156250;0.563;0.32;26;26;36;35;30;30;588;531;7.060.000;7.360.000;6.600.000;0;0;1;1;1;0;0;0;0;0;0;0;0;0;17/04/2025 13:02
419;Volkswagen-Sao_Bernardo_03;1;1;0.000000;0.000000;0.008438;0.017812;0.004375;0.093750;0.054688;0.156250;0.563;0.32;26;26;36;35;30;30;588;531;7.060.000;7.360.000;6.600.000;0;0;1;1;1;0;0;0;0;0;0;0;0;0;17/04/2025 13:03
420;Volkswagen-Sao_Bernardo_03;1;1;0.000000;0.000000;0.009375;0.017812;0.004375;0.093750;0.054688;0.156250;0.563;0.32;26;26;36;35;30;30;588;531;7.060.000;7.360.000;6.600.000;0;0;1;1;1;0;0;0;0;0;0;0;0;0;17/04/2025 13:04
421;Volkswagen-Sao_Bernardo_03;1;1;0.000000;0.000000;0.008438;0.017812;0.004375;0.093750;0.054688;0.164063;0.625;0.35;26;26;36;35;30;30;588;531;7.060.000;7.360.000;6.600.000;0;0;1;1;1;0;0;0;0;0;0;0;0;0;17/04/2025 13:05
422;Volkswagen-Sao_Bernardo_03;1;1;0.000000;0.000000;0.009375;0.018750;0.004688;0.093750;0.046875;0.148438;0.438;0.25;26;26;36;35;30;30;588;531;7.060.000;7.360.000;6.600.000;0;0;1;1;1;0;0;0;0;0;0;0;0;0;17/04/2025 13:06
423;Volkswagen-Sao_Bernardo_03;1;1;0.000000;0.000000;0.009375;0.018750;0.004375;0.093750;0.046875;0.156250;0.563;0.32;26;26;36;35;30;30;588;531;7.060.000;7.360.000;6.600.000;0;0;1;1;1;0;0;0;0;0;0;0;0;0;17/04/2025 13:07
424;Volkswagen-Sao_Bernardo_03;1;1;0.000000;0.000000;0.008438;0.017812;0.004375;0.101563;0.046875;0.156250;0.563;0.32;26;26;36;35;30;30;588;531;7.060.000;7.360.000;6.600.000;0;0;1;1;1;0;0;0;0;0;0;0;0;0;17/04/2025 13:08
425;Volkswagen-Sao_Bernardo_03;1;1;0.000000;0.000000;0.009375;0.017812;0.004375;0.101563;0.054688;0.156250;0.563;0.32;26;26;36;35;30;30;588;531;7.060.000;7.360.000;6.600.000;0;0;1;1;1;0;0;0;0;0;0;0;0;0;17/04/2025 13:09
426;Volkswagen-Sao_Bernardo_03;1;1;0.000000;0.000000;0.008438;0.017812;0.004688;0.093750;0.046875;0.156250;0.500;0.28;26;26;36;35;30;30;588;531;7.060.000;7.360.000;6.600.000;0;0;1;1;1;0;0;0;0;0;0;0;0;0;17/04/2025 13:10
427;Volkswagen-Sao_Bernardo_03;1;1;0.000000;0.000000;0.008438;0.017812;0.004688;0.093750;0.046875;0.156250;0.500;0.28;26;26;36;35;30;30;588;531;7.060.000;7.360.000;6.600.000;0;0;1;1;1;0;0;0;0;0;0;0;0;0;17/04/2025 13:11
428;Volkswagen-Sao_Bernardo_03;1;1;0.000000;0.000000;0.009375;0.017812;0.004688;0.085938;0.046875;0.156250;0.500;0.28;26;26;36;35;30;30;588;531;7.060.000;7.360.000;6.600.000;0;0;1;1;1;0;0;0;0;0;0;0;0;0;17/04/2025 13:12
429;Volkswagen-Sao_Bernardo_03;1;1;0.000000;0.000000;0.008438;0.017812;0.004375;0.093750;0.046875;0.148438;0.500;0.28;26;26;36;35;30;30;588;531;7.060.000;7.360.000;6.600.000;0;0;1;1;1;0;0;0;0;0;0;0;0;0;17/04/2025 13:13
430;Volkswagen-Sao_Bernardo_03;1;1;0.000000;0.000000;0.009375;0.019687;0.004375;0.093750;0.046875;0.156250;0.438;0.25;26;26;36;35;30;30;588;531;7.060.000;7.360.000;6.600.000;0;0;1;1;1;0;0;0;0;0;0;0;0;0;17/04/2025 13:14
431;Volkswagen-Sao_Bernardo_03;1;1;0.000000;0.000000;0.008438;0.017812;0.004375;0.093750;0.046875;0.156250;0.563;0.32;26;26;36;35;30;30;588;531;7.060.000;7.360.000;6.600.000;0;0;1;1;1;0;0;0;0;0;0;0;0;0;17/04/2025 13:15
432;Volkswagen-Sao_Bernardo_03;1;1;0.000000;0.000000;0.008438;0.018750;0.004375;0.101563;0.054688;0.164063;0.625;0.35;26;26;36;35;30;30;588;531;7.060.000;7.360.000;6.600.000;0;0;1;1;1;0;0;0;0;0;0;0;0;0;17/04/2025 13:16
433;Volkswagen-Sao_Bernardo_03;1;1;0.000000;0.000000;0.007500;0.016875;0.004688;0.093750;0.046875;0.156250;0.500;0.28;26;26;36;35;30;30;588;531;7.060.000;7.360.000;6.600.000;0;0;1;1;1;0;0;0;0;0;0;0;0;0;17/04/2025 13:17
434;Volkswagen-Sao_Bernardo_03;1;1;0.000000;0.000000;0.008438;0.018750;0.004375;0.093750;0.046875;0.156250;0.500;0.28;26;26;36;35;30;30;588;531;7.060.000;7.360.000;6.600.000;0;0;1;1;1;0;0;0;0;0;0;0;0;0;17/04/2025 13:18
435;Volkswagen-Sao_Bernardo_03;1;1;0.000000;0.000000;0.008438;0.018750;0.004375;0.093750;0.054688;0.156250;0.563;0.32;27;26;36;35;30;30;588;531;7.060.000;7.360.000;6.600.000;0;0;1;1;1;0;0;0;0;0;0;0;0;0;17/04/2025 13:19
436;Volkswagen-Sao_Bernardo_03;1;1;0.000000;0.000000;0.008438;0.017812;0.004688;0.093750;0.054688;0.156250;0.563;0.32;27;26;36;35;30;30;588;531;7.060.000;7.360.000;6.600.000;0;0;1;1;1;0;0;0;0;0;0;0;0;0;17/04/2025 13:20
437;Volkswagen-Sao_Bernardo_03;1;1;0.000000;0.000000;0.008438;0.017812;0.004375;0.093750;0.054688;0.156250;0.625;0.35;26;26;36;35;30;30;588;531;7.060.000;7.360.000;6.600.000;0;0;1;1;1;0;0;0;0;0;0;0;0;0;17/04/2025 13:21
438;Volkswagen-Sao_Bernardo_03;1;1;0.000000;0.000000;0.009375;0.018750;0.004375;0.093750;0.054688;0.156250;0.563;0.32;26;26;36;35;30;30;588;531;7.060.000;7.360.000;6.600.000;0;0;1;1;1;0;0;0;0;0;0;0;0;0;17/04/2025 13:22
439;Volkswagen-Sao_Bernardo_03;1;1;0.000000;0.000000;0.008438;0.018750;0.004688;0.093750;0.046875;0.156250;0.500;0.28;27;26;36;35;30;31;588;531;7.060.000;7.360.000;6.600.000;0;0;1;1;1;0;0;0;0;0;0;0;0;0;17/04/2025 13:23
440;Volkswagen-Sao_Bernardo_03;1;1;0.000000;0.000000;0.008438;0.017812;0.004375;0.101563;0.054688;0.156250;0.625;0.35;27;26;36;35;30;31;588;531;7.060.000;7.360.000;6.600.000;0;0;1;1;1;0;0;0;0;0;0;0;0;0;17/04/2025 13:24
441;Volkswagen-Sao_Bernardo_03;1;1;0.000000;0.000000;0.008438;0.017812;0.004375;0.093750;0.054688;0.156250;0.563;0.32;27;26;36;35;30;31;588;531;7.060.000;7.360.000;6.600.000;0;0;1;1;1;0;0;0;0;0;0;0;0;0;17/04/2025 13:25
442;Volkswagen-Sao_Bernardo_03;1;1;0.000000;0.000000;0.008438;0.017812;0.004375;0.093750;0.054688;0.156250;0.500;0.28;27;26;36;35;30;31;588;531;7.060.000;7.360.000;6.600.000;0;0;1;1;1;0;0;0;0;0;0;0;0;0;17/04/2025 13:26
443;Volkswagen-Sao_Bernardo_03;1;1;0.000000;0.000000;0.008438;0.017812;0.004375;0.093750;0.046875;0.148438;0.563;0.32;27;26;36;35;30;31;588;531;7.060.000;7.360.000;6.600.000;0;0;1;1;1;0;0;0;0;0;0;0;0;0;17/04/2025 13:27
444;Volkswagen-Sao_Bernardo_03;1;1;0.000000;0.000000;0.009375;0.017812;0.004375;0.093750;0.046875;0.156250;0.563;0.32;27;26;36;35;30;31;588;531;7.060.000;7.360.000;6.600.000;0;0;1;1;1;0;0;0;0;0;0;0;0;0;17/04/2025 13:28
445;Volkswagen-Sao_Bernardo_03;1;1;0.000000;0.000000;0.008438;0.018750;0.004375;0.093750;0.046875;0.156250;0.500;0.28;27;26;36;35;30;31;588;531;7.060.000;7.360.000;6.600.000;0;0;1;1;1;0;0;0;0;0;0;0;0;0;17/04/2025 13:29
446;Volkswagen-Sao_Bernardo_03;1;1;0.000000;0.000000;0.008438;0.017812;0.004375;0.085938;0.046875;0.148438;0.500;0.28;27;26;36;35;30;31;588;531;7.060.000;7.360.000;6.600.000;0;0;1;1;1;0;0;0;0;0;0;0;0;0;17/04/2025 13:30
447;Volkswagen-Sao_Bernardo_03;1;1;0.000000;0.000000;0.008438;0.017812;0.004375;0.093750;0.046875;0.156250;0.500;0.28;27;26;36;35;30;31;588;531;7.060.000;7.360.000;6.600.000;0;0;1;1;1;0;0;0;0;0;0;0;0;0;17/04/2025 13:31
448;Volkswagen-Sao_Bernardo_03;1;1;0.000000;0.000000;0.008438;0.017812;0.004375;0.093750;0.046875;0.156250;0.563;0.32;27;26;36;35;30;31;588;531;7.060.000;7.360.000;6.600.000;0;0;1;1;1;0;0;0;0;0;0;0;0;0;17/04/2025 13:32
449;Volkswagen-Sao_Bernardo_03;1;1;0.000000;0.000000;0.008438;0.017812;0.004375;0.093750;0.046875;0.164063;0.563;0.32;27;26;36;35;30;31;588;531;7.060.000;7.360.000;6.600.000;0;0;1;1;1;0;0;0;0;0;0;0;0;0;17/04/2025 13:33
450;Volkswagen-Sao_Bernardo_03;1;1;0.000000;0.000000;0.008438;0.017812;0.004375;0.093750;0.054688;0.148438;0.625;0.35;27;26;36;35;30;31;588;531;7.060.000;7.360.000;6.600.000;0;0;1;1;1;0;0;0;0;0;0;0;0;0;17/04/2025 13:34
451;Volkswagen-Sao_Bernardo_03;1;1;0.000000;0.000000;0.008438;0.017812;0.004375;0.093750;0.046875;0.148438;0.438;0.25;27;26;36;35;30;31;588;531;7.060.000;7.360.000;6.600.000;0;0;1;1;1;0;0;0;0;0;0;0;0;0;17/04/2025 13:35
452;Volkswagen-Sao_Bernardo_03;1;1;0.000000;0.000000;0.008438;0.017812;0.004688;0.093750;0.046875;0.148438;0.438;0.25;27;26;36;35;30;31;588;531;7.060.000;7.360.000;6.600.000;0;0;1;1;1;0;0;0;0;0;0;0;0;0;17/04/2025 13:36
453;Volkswagen-Sao_Bernardo_03;1;1;0.000000;0.000000;0.009375;0.017812;0.004688;0.093750;0.046875;0.156250;0.563;0.32;27;26;36;35;30;31;588;531;7.060.000;7.360.000;6.600.000;0;0;1;1;1;0;0;0;0;0;0;0;0;0;17/04/2025 13:37
454;Volkswagen-Sao_Bernardo_03;1;1;0.000000;0.000000;0.008438;0.017812;0.004062;0.093750;0.046875;0.164063;0.625;0.35;27;26;35;35;30;31;588;531;7.060.000;7.360.000;6.600.000;0;0;1;1;1;0;0;0;0;0;0;0;0;0;17/04/2025 13:38
455;Volkswagen-Sao_Bernardo_03;1;1;0.000000;0.000000;0.008438;0.017812;0.004375;0.093750;0.046875;0.156250;0.563;0.32;27;26;35;35;30;31;588;531;7.060.000;7.360.000;6.600.000;0;0;1;1;1;0;0;0;0;0;0;0;0;0;17/04/2025 13:39
456;Volkswagen-Sao_Bernardo_03;1;1;0.000000;0.000000;0.008438;0.017812;0.004688;0.101563;0.054688;0.156250;0.625;0.35;27;26;36;35;30;31;588;531;7.060.000;7.360.000;6.600.000;0;0;1;1;1;0;0;0;0;0;0;0;0;0;17/04/2025 13:40
457;Volkswagen-Sao_Bernardo_03;1;1;0.000000;0.000000;0.009375;0.016875;0.004375;0.101563;0.054688;0.156250;0.625;0.35;27;26;36;35;30;31;588;531;7.060.000;7.360.000;6.600.000;0;0;1;1;1;0;0;0;0;0;0;0;0;0;17/04/2025 13:41
458;Volkswagen-Sao_Bernardo_03;1;1;0.000000;0.000000;0.008438;0.018750;0.004375;0.093750;0.046875;0.148438;0.438;0.25;27;26;36;35;30;31;588;531;7.060.000;7.360.000;6.600.000;0;0;1;1;1;0;0;0;0;0;0;0;0;0;17/04/2025 13:42
459;Volkswagen-Sao_Bernardo_03;1;1;0.000000;0.000000;0.009375;0.017812;0.004375;0.093750;0.039063;0.156250;0.438;0.25;27;26;36;35;30;31;588;531;7.060.000;7.360.000;6.600.000;0;0;1;1;1;0;0;0;0;0;0;0;0;0;17/04/2025 13:43
460;Volkswagen-Sao_Bernardo_03;1;1;0.000000;0.000000;0.008438;0.017812;0.004375;0.093750;0.054688;0.156250;0.625;0.35;27;26;36;35;30;31;588;531;7.060.000;7.360.000;6.600.000;0;0;1;1;1;0;0;0;0;0;0;0;0;0;17/04/2025 13:44
461;Volkswagen-Sao_Bernardo_03;1;1;0.000000;0.000000;0.008438;0.018750;0.004375;0.093750;0.054688;0.156250;0.563;0.32;27;26;36;35;30;31;588;531;7.060.000;7.360.000;6.600.000;0;0;1;1;1;0;0;0;0;0;0;0;0;0;17/04/2025 13:45
462;Volkswagen-Sao_Bernardo_03;1;1;0.000000;0.000000;0.008438;0.017812;0.004375;0.085938;0.046875;0.148438;0.500;0.28;27;26;37;35;30;31;588;531;7.060.000;7.360.000;6.600.000;0;0;1;1;1;0;0;0;0;0;0;0;0;0;17/04/2025 13:46
463;Volkswagen-Sao_Bernardo_03;1;1;0.000000;0.000000;0.008438;0.017812;0.004375;0.093750;0.046875;0.156250;0.563;0.32;27;26;37;35;30;31;588;531;7.060.000;7.360.000;6.600.000;0;0;1;1;1;0;0;0;0;0;0;0;0;0;17/04/2025 13:47
464;Volkswagen-Sao_Bernardo_03;1;1;0.000000;0.000000;0.008438;0.017812;0.004062;0.093750;0.046875;0.156250;0.563;0.32;27;26;37;35;30;31;588;531;7.060.000;7.360.000;6.600.000;0;0;1;1;1;0;0;0;0;0;0;0;0;0;17/04/2025 13:48
465;Volkswagen-Sao_Bernardo_03;1;1;0.000000;0.000000;0.009375;0.017812;0.004375;0.093750;0.054688;0.156250;0.625;0.35;27;26;38;35;30;31;588;531;7.060.000;7.360.000;6.600.000;0;0;1;1;1;0;0;0;0;0;0;0;0;0;17/04/2025 13:49
466;Volkswagen-Sao_Bernardo_03;1;1;0.000000;0.000000;0.009375;0.017812;0.004688;0.093750;0.054688;0.156250;0.563;0.32;27;26;38;35;30;31;588;531;7.060.000;7.360.000;6.600.000;0;0;1;1;1;0;0;0;0;0;0;0;0;0;17/04/2025 13:50
467;Volkswagen-Sao_Bernardo_03;1;1;0.000000;0.000000;0.008438;0.017812;0.004375;0.093750;0.046875;0.156250;0.500;0.28;27;26;38;35;30;31;588;531;7.060.000;7.360.000;6.600.000;0;0;1;1;1;0;0;0;0;0;0;0;0;0;17/04/2025 13:51
468;Volkswagen-Sao_Bernardo_03;1;1;0.000000;0.000000;0.008438;0.017812;0.004375;0.093750;0.054688;0.156250;0.563;0.32;27;26;38;35;30;31;588;531;7.060.000;7.360.000;6.600.000;0;0;1;1;1;0;0;0;0;0;0;0;0;0;17/04/2025 13:52
469;Volkswagen-Sao_Bernardo_03;1;1;0.000000;0.000000;0.008438;0.017812;0.004375;0.093750;0.046875;0.148438;0.500;0.28;27;26;38;35;30;31;588;531;7.060.000;7.360.000;6.600.000;0;0;1;1;1;0;0;0;0;0;0;0;0;0;17/04/2025 13:53
470;Volkswagen-Sao_Bernardo_03;1;1;0.000000;0.000000;0.008438;0.017812;0.004375;0.093750;0.046875;0.148438;0.563;0.32;27;26;38;35;30;31;588;531;7.060.000;7.360.000;6.600.000;0;0;1;1;1;0;0;0;0;0;0;0;0;0;17/04/2025 13:54
471;Volkswagen-Sao_Bernardo_03;1;1;0.000000;0.000000;0.008438;0.017812;0.004375;0.093750;0.054688;0.156250;0.625;0.35;27;26;39;35;30;31;588;531;7.060.000;7.360.000;6.600.000;0;0;1;1;1;0;0;0;0;0;0;0;0;0;17/04/2025 13:55
472;Volkswagen-Sao_Bernardo_03;1;1;0.000000;0.000000;0.008438;0.017812;0.004375;0.085938;0.046875;0.148438;0.500;0.28;27;26;39;35;30;31;588;531;7.060.000;7.360.000;6.600.000;0;0;1;1;1;0;0;0;0;0;0;0;0;0;17/04/2025 13:56
473;Volkswagen-Sao_Bernardo_03;1;1;0.000000;0.000000;0.007500;0.017812;0.004375;0.093750;0.046875;0.148438;0.500;0.28;27;26;39;35;30;31;588;531;7.060.000;7.360.000;6.600.000;0;0;1;1;1;0;0;0;0;0;0;0;0;0;17/04/2025 13:57
474;Volkswagen-Sao_Bernardo_03;1;1;0.000000;0.000000;0.007500;0.017812;0.004375;0.093750;0.046875;0.148438;0.500;0.28;27;26;39;35;30;31;588;531;7.060.000;7.360.000;6.600.000;0;0;1;1;1;0;0;0;0;0;0;0;0;0;17/04/2025 13:58
475;Volkswagen-Sao_Bernardo_03;1;1;0.000000;0.000000;0.008438;0.017812;0.004375;0.085938;0.046875;0.156250;0.500;0.28;27;26;39;35;30;31;588;531;7.060.000;7.360.000;6.600.000;0;0;1;1;1;0;0;0;0;0;0;0;0;0;17/04/2025 13:59
476;Volkswagen-Sao_Bernardo_03;1;1;0.000000;0.000000;0.008438;0.018750;0.004375;0.093750;0.039063;0.148438;0.500;0.28;27;26;39;35;30;31;588;531;7.060.000;7.360.000;6.600.000;0;0;1;1;1;0;0;0;0;0;0;0;0;0;17/04/2025 14:00
477;Volkswagen-Sao_Bernardo_03;1;1;0.000000;0.000000;0.008438;0.017812;0.004375;0.101563;0.054688;0.156250;0.625;0.35;27;27;39;35;30;31;588;531;7.060.000;7.360.000;6.600.000;0;0;1;1;1;0;0;0;0;0;0;0;0;0;17/04/2025 14:01
478;Volkswagen-Sao_Bernardo_03;1;1;0.000000;0.000000;0.007500;0.017812;0.004375;0.093750;0.046875;0.148438;0.500;0.28;27;26;39;35;30;31;588;531;7.060.000;7.360.000;6.600.000;0;0;1;1;1;0;0;0;0;0;0;0;0;0;17/04/2025 14:02
479;Volkswagen-Sao_Bernardo_03;1;1;0.000000;0.000000;0.007500;0.017812;0.004062;0.093750;0.046875;0.148438;0.500;0.28;27;27;39;35;30;31;588;531;7.060.000;7.360.000;6.600.000;0;0;1;1;1;0;0;0;0;0;0;0;0;0;17/04/2025 14:03
480;Volkswagen-Sao_Bernardo_03;1;1;0.000000;0.000000;0.008438;0.017812;0.004375;0.093750;0.054688;0.156250;0.563;0.32;27;27;39;35;30;31;588;531;7.060.000;7.360.000;6.600.000;0;0;1;1;1;0;0;0;0;0;0;0;0;0;17/04/2025 14:04
481;Volkswagen-Sao_Bernardo_03;1;1;0.000000;0.000000;0.008438;0.017812;0.004375;0.085938;0.054688;0.148438;0.563;0.32;27;27;39;35;30;31;588;531;7.060.000;7.360.000;6.600.000;0;0;1;1;1;0;0;0;0;0;0;0;0;0;17/04/2025 14:05
482;Volkswagen-Sao_Bernardo_03;1;1;0.000000;0.000000;0.008438;0.017812;0.004375;0.093750;0.054688;0.164063;0.625;0.35;27;27;39;35;31;31;588;531;7.060.000;7.360.000;6.600.000;0;0;1;1;1;0;0;0;0;0;0;0;0;0;17/04/2025 14:06
483;Volkswagen-Sao_Bernardo_03;1;1;0.000000;0.000000;0.007500;0.017812;0.003750;0.093750;0.054688;0.156250;0.625;0.35;27;27;38;35;31;31;588;531;7.060.000;7.360.000;6.600.000;0;0;1;1;1;0;0;0;0;0;0;0;0;0;17/04/2025 14:07
484;Volkswagen-Sao_Bernardo_03;1;1;0.000000;0.000000;0.007500;0.017812;0.004062;0.093750;0.046875;0.156250;0.563;0.32;27;27;38;35;31;31;588;531;7.060.000;7.360.000;6.600.000;0;0;1;1;1;0;0;0;0;0;0;0;0;0;17/04/2025 14:08
485;Volkswagen-Sao_Bernardo_03;1;1;0.000000;0.000000;0.007500;0.017812;0.004062;0.101563;0.054688;0.156250;0.625;0.35;27;27;38;35;31;31;588;531;7.060.000;7.360.000;6.600.000;0;0;1;1;1;0;0;0;0;0;0;0;0;0;17/04/2025 14:09
486;Volkswagen-Sao_Bernardo_03;1;1;0.000000;0.000000;0.007500;0.017812;0.004375;0.093750;0.046875;0.156250;0.500;0.28;27;27;38;35;31;31;588;531;7.060.000;7.360.000;6.600.000;0;0;1;1;1;0;0;0;0;0;0;0;0;0;17/04/2025 14:10
487;Volkswagen-Sao_Bernardo_03;1;1;0.000000;0.000000;0.007500;0.017812;0.004062;0.093750;0.046875;0.156250;0.500;0.28;27;27;38;35;31;31;588;531;7.060.000;7.360.000;6.600.000;0;0;1;1;1;0;0;0;0;0;0;0;0;0;17/04/2025 14:11
488;Volkswagen-Sao_Bernardo_03;1;1;0.000000;0.000000;0.008438;0.017812;0.004062;0.085938;0.046875;0.148438;0.500;0.28;27;27;38;35;31;31;588;531;7.060.000;7.360.000;6.600.000;0;0;1;1;1;0;0;0;0;0;0;0;0;0;17/04/2025 14:12
489;Volkswagen-Sao_Bernardo_03;1;1;0.000000;0.000000;0.008438;0.017812;0.004062;0.093750;0.054688;0.156250;0.625;0.35;27;27;38;35;31;31;588;531;7.060.000;7.360.000;6.600.000;0;0;1;1;1;0;0;0;0;0;0;0;0;0;17/04/2025 14:13
490;Volkswagen-Sao_Bernardo_03;1;1;0.000000;0.000000;0.008438;0.017812;0.004062;0.093750;0.046875;0.148438;0.500;0.28;27;27;38;35;31;31;588;531;7.060.000;7.360.000;6.600.000;0;0;1;1;1;0;0;0;0;0;0;0;0;0;17/04/2025 14:14
491;Volkswagen-Sao_Bernardo_03;1;1;0.000000;0.000000;0.008438;0.018750;0.004375;0.093750;0.046875;0.156250;0.563;0.32;27;27;38;35;31;31;588;531;7.060.000;7.360.000;6.600.000;0;0;1;1;1;0;0;0;0;0;0;0;0;0;17/04/2025 14:15
492;Volkswagen-Sao_Bernardo_03;1;1;0.000000;0.000000;0.008438;0.018750;0.004375;0.085938;0.046875;0.148438;0.500;0.28;27;27;38;35;31;31;588;531;7.060.000;7.360.000;6.600.000;0;0;1;1;1;0;0;0;0;0;0;0;0;0;17/04/2025 14:16
493;Volkswagen-Sao_Bernardo_03;1;1;0.000000;0.000000;0.007500;0.018750;0.004062;0.085938;0.046875;0.148438;0.438;0.25;27;27;38;35;31;31;588;531;7.060.000;7.360.000;6.600.000;0;0;1;1;1;0;0;0;0;0;0;0;0;0;17/04/2025 14:17
494;Volkswagen-Sao_Bernardo_03;1;1;0.000000;0.000000;0.007500;0.019687;0.004375;0.085938;0.046875;0.148438;0.500;0.28;27;27;38;35;31;31;588;531;7.060.000;7.360.000;6.600.000;0;0;1;1;1;0;0;0;0;0;0;0;0;0;17/04/2025 14:18
495;Volkswagen-Sao_Bernardo_03;1;1;0.000000;0.000000;0.006562;0.017812;0.004062;0.093750;0.046875;0.156250;0.563;0.32;27;27;38;35;31;31;588;531;7.060.000;7.360.000;6.600.000;0;0;1;1;1;0;0;0;0;0;0;0;0;0;17/04/2025 14:19
496;Volkswagen-Sao_Bernardo_03;1;1;0.000000;0.000000;0.008438;0.018750;0.004375;0.093750;0.054688;0.156250;0.563;0.32;27;27;38;35;31;31;588;531;7.060.000;7.360.000;6.600.000;0;0;1;1;1;0;0;0;0;0;0;0;0;0;17/04/2025 14:20
497;Volkswagen-Sao_Bernardo_03;1;1;0.000000;0.000000;0.007500;0.018750;0.004062;0.093750;0.046875;0.148438;0.563;0.32;27;27;38;35;31;31;588;531;7.060.000;7.360.000;6.600.000;0;0;1;1;1;0;0;0;0;0;0;0;0;0;17/04/2025 14:21
498;Volkswagen-Sao_Bernardo_03;1;1;0.000000;0.000000;0.008438;0.018750;0.004062;0.093750;0.046875;0.156250;0.563;0.32;27;27;38;35;31;31;588;531;7.060.000;7.360.000;6.600.000;0;0;1;1;1;0;0;0;0;0;0;0;0;0;17/04/2025 14:22
499;Volkswagen-Sao_Bernardo_03;1;1;0.000000;0.000000;0.008438;0.017812;0.004062;0.093750;0.046875;0.148438;0.500;0.28;27;27;38;35;31;31;588;531;7.060.000;7.360.000;6.600.000;0;0;1;1;1;0;0;0;0;0;0;0;0;0;17/04/2025 14:23
500;Volkswagen-Sao_Bernardo_03;1;1;0.000000;0.000000;0.007500;0.017812;0.004375;0.093750;0.046875;0.148438;0.500;0.28;27;27;38;35;31;31;588;531;7.060.000;7.360.000;6.600.000;0;0;1;1;1;0;0;0;0;0;0;0;0;0;17/04/2025 14:24
501;Volkswagen-Sao_Bernardo_03;1;1;0.000000;0.000000;0.008438;0.017812;0.004062;0.093750;0.046875;0.148438;0.563;0.32;27;27;38;35;31;31;588;531;7.060.000;7.360.000;6.600.000;0;0;1;1;1;0;0;0;0;0;0;0;0;0;17/04/2025 14:25
502;Volkswagen-Sao_Bernardo_03;1;1;0.000000;0.000000;0.008438;0.018750;0.004375;0.093750;0.046875;0.148438;0.500;0.28;27;27;38;35;31;31;588;531;7.060.000;7.360.000;6.600.000;0;0;1;1;1;0;0;0;0;0;0;0;0;0;17/04/2025 14:26
503;Volkswagen-Sao_Bernardo_03;1;1;0.000000;0.000000;0.008438;0.017812;0.004375;0.093750;0.046875;0.148438;0.500;0.28;27;27;38;35;31;31;588;531;7.060.000;7.360.000;6.600.000;0;0;1;1;1;0;0;0;0;0;0;0;0;0;17/04/2025 14:27
504;Volkswagen-Sao_Bernardo_03;1;1;0.000000;0.000000;0.008438;0.018750;0.004375;0.101563;0.046875;0.156250;0.563;0.32;27;27;38;35;31;31;588;531;7.060.000;7.360.000;6.600.000;0;0;1;1;1;0;0;0;0;0;0;0;0;0;17/04/2025 14:28
505;Volkswagen-Sao_Bernardo_03;1;1;0.000000;0.000000;0.007500;0.017812;0.004375;0.093750;0.046875;0.156250;0.563;0.32;27;27;38;35;31;31;588;531;7.060.000;7.360.000;6.600.000;0;0;1;1;1;0;0;0;0;0;0;0;0;0;17/04/2025 14:29
506;Volkswagen-Sao_Bernardo_03;1;1;0.000000;0.000000;0.007500;0.018750;0.004375;0.093750;0.046875;0.148438;0.438;0.25;27;27;38;35;31;31;588;531;7.060.000;7.360.000;6.600.000;0;0;1;1;1;0;0;0;0;0;0;0;0;0;17/04/2025 14:30
507;Volkswagen-Sao_Bernardo_03;1;1;0.000000;0.000000;0.008438;0.017812;0.004375;0.093750;0.054688;0.148438;0.563;0.32;27;27;38;35;31;31;588;531;7.060.000;7.360.000;6.600.000;0;0;1;1;1;0;0;0;0;0;0;0;0;0;17/04/2025 14:31
508;Volkswagen-Sao_Bernardo_03;1;1;0.000000;0.000000;0.007500;0.017812;0.004062;0.093750;0.054688;0.156250;0.625;0.35;27;27;38;35;31;31;588;531;7.060.000;7.360.000;6.600.000;0;0;1;1;1;0;0;0;0;0;0;0;0;0;17/04/2025 14:32
509;Volkswagen-Sao_Bernardo_03;1;1;0.000000;0.000000;0.007500;0.017812;0.003750;0.093750;0.054688;0.156250;0.625;0.35;27;27;38;35;31;31;588;531;7.060.000;7.360.000;6.600.000;0;0;1;1;1;0;0;0;0;0;0;0;0;0;17/04/2025 14:33
510;Volkswagen-Sao_Bernardo_03;1;1;0.000000;0.000000;0.006562;0.017812;0.004062;0.085938;0.046875;0.148438;0.500;0.28;27;27;38;35;31;31;588;531;7.060.000;7.360.000;6.600.000;0;0;1;1;1;0;0;0;0;0;0;0;0;0;17/04/2025 14:34
511;Volkswagen-Sao_Bernardo_03;1;1;0.000000;0.000000;0.007500;0.018750;0.004062;0.093750;0.054688;0.156250;0.563;0.32;27;27;38;35;31;31;588;531;7.060.000;7.360.000;6.600.000;0;0;1;1;1;0;0;0;0;0;0;0;0;0;17/04/2025 14:35
512;Volkswagen-Sao_Bernardo_03;1;1;0.000000;0.000000;0.007500;0.017812;0.004062;0.085938;0.046875;0.148438;0.500;0.28;27;27;38;35;31;31;588;531;7.060.000;7.360.000;6.600.000;0;0;1;1;1;0;0;0;0;0;0;0;0;0;17/04/2025 14:36
513;Volkswagen-Sao_Bernardo_03;1;1;0.000000;0.000000;0.008438;0.018750;0.004062;0.093750;0.046875;0.156250;0.563;0.32;27;27;38;35;31;31;588;531;7.060.000;7.360.000;6.600.000;0;0;1;1;1;0;0;0;0;0;0;0;0;0;17/04/2025 14:37
514;Volkswagen-Sao_Bernardo_03;1;1;0.000000;0.000000;0.007500;0.017812;0.004375;0.093750;0.046875;0.148438;0.500;0.28;27;27;38;35;31;31;588;531;7.060.000;7.360.000;6.600.000;0;0;1;1;1;0;0;0;0;0;0;0;0;0;17/04/2025 14:38
515;Volkswagen-Sao_Bernardo_03;1;1;0.000000;0.000000;0.007500;0.018750;0.004375;0.085938;0.046875;0.148438;0.500;0.28;27;27;38;35;31;31;588;531;7.060.000;7.360.000;6.600.000;0;0;1;1;1;0;0;0;0;0;0;0;0;0;17/04/2025 14:39
516;Volkswagen-Sao_Bernardo_03;1;1;0.000000;0.000000;0.007500;0.017812;0.004062;0.093750;0.054688;0.156250;0.563;0.32;27;27;38;35;31;31;588;531;7.060.000;7.360.000;6.600.000;0;0;1;1;1;0;0;0;0;0;0;0;0;0;17/04/2025 14:40
517;Volkswagen-Sao_Bernardo_03;1;1;0.000000;0.000000;0.007500;0.017812;0.004062;0.093750;0.046875;0.156250;0.500;0.28;27;27;38;35;31;31;588;531;7.060.000;7.360.000;6.600.000;0;0;1;1;1;0;0;0;0;0;0;0;0;0;17/04/2025 14:41
518;Volkswagen-Sao_Bernardo_03;1;1;0.000000;0.000000;0.007500;0.017812;0.004062;0.093750;0.054688;0.148438;0.563;0.32;27;27;38;35;31;31;588;531;7.060.000;7.360.000;6.600.000;0;0;1;1;1;0;0;0;0;0;0;0;0;0;17/04/2025 14:42
519;Volkswagen-Sao_Bernardo_03;1;1;0.000000;0.000000;0.007500;0.017812;0.003750;0.085938;0.046875;0.148438;0.500;0.28;27;27;38;35;31;31;588;531;7.060.000;7.360.000;6.600.000;0;0;1;1;1;0;0;0;0;0;0;0;0;0;17/04/2025 14:43
520;Volkswagen-Sao_Bernardo_03;1;1;0.000000;0.000000;0.007500;0.017812;0.004062;0.085938;0.046875;0.148438;0.500;0.28;27;27;38;35;31;31;588;531;7.060.000;7.360.000;6.600.000;0;0;1;1;1;0;0;0;0;0;0;0;0;0;17/04/2025 14:44
521;Volkswagen-Sao_Bernardo_03;1;1;0.000000;0.000000;0.008438;0.016875;0.004062;0.093750;0.054688;0.156250;0.625;0.35;27;27;38;35;31;31;588;531;7.060.000;7.360.000;6.600.000;0;0;1;1;1;0;0;0;0;0;0;0;0;0;17/04/2025 14:45
522;Volkswagen-Sao_Bernardo_03;1;1;0.000000;0.000000;0.007500;0.017812;0.004062;0.085938;0.046875;0.148438;0.438;0.25;27;27;38;35;31;31;588;531;7.060.000;7.360.000;6.600.000;0;0;1;1;1;0;0;0;0;0;0;0;0;0;17/04/2025 14:46
523;Volkswagen-Sao_Bernardo_03;1;1;0.000000;0.000000;0.008438;0.017812;0.004375;0.093750;0.054688;0.156250;0.625;0.35;27;27;38;35;31;31;588;531;7.060.000;7.360.000;6.600.000;0;0;1;1;1;0;0;0;0;0;0;0;0;0;17/04/2025 14:47
524;Volkswagen-Sao_Bernardo_03;1;1;0.000000;0.000000;0.007500;0.016875;0.004062;0.101563;0.046875;0.156250;0.625;0.35;27;27;38;35;31;31;588;531;7.060.000;7.360.000;6.600.000;0;0;1;1;1;0;0;0;0;0;0;0;0;0;17/04/2025 14:48
525;Volkswagen-Sao_Bernardo_03;1;1;0.000000;0.000000;0.008438;0.016875;0.004062;0.101563;0.054688;0.164063;0.625;0.35;27;27;38;35;31;31;588;531;7.060.000;7.360.000;6.600.000;0;0;1;1;1;0;0;0;0;0;0;0;0;0;17/04/2025 14:49
526;Volkswagen-Sao_Bernardo_03;1;1;0.000000;0.000000;0.007500;0.018750;0.004062;0.093750;0.046875;0.156250;0.563;0.32;27;27;38;35;31;31;588;531;7.060.000;7.360.000;6.600.000;0;0;1;1;1;0;0;0;0;0;0;0;0;0;17/04/2025 14:50
527;Volkswagen-Sao_Bernardo_03;1;1;0.000000;0.000000;0.007500;0.017812;0.004062;0.093750;0.046875;0.156250;0.563;0.32;27;27;38;35;31;31;588;531;7.060.000;7.360.000;6.600.000;0;0;1;1;1;0;0;0;0;0;0;0;0;0;17/04/2025 14:51
528;Volkswagen-Sao_Bernardo_03;1;1;0.000000;0.000000;0.007500;0.017812;0.003750;0.085938;0.046875;0.148438;0.500;0.28;27;27;38;35;31;31;588;531;7.060.000;7.360.000;6.600.000;0;0;1;1;1;0;0;0;0;0;0;0;0;0;17/04/2025 14:52
529;Volkswagen-Sao_Bernardo_03;1;1;0.000000;0.000000;0.006562;0.018750;0.004062;0.085938;0.046875;0.148438;0.500;0.28;27;27;38;35;31;31;588;531;7.060.000;7.360.000;6.600.000;0;0;1;1;1;0;0;0;0;0;0;0;0;0;17/04/2025 14:53
530;Volkswagen-Sao_Bernardo_03;1;1;0.000000;0.000000;0.007500;0.017812;0.004062;0.093750;0.054688;0.148438;0.563;0.32;27;27;38;35;31;31;588;531;7.060.000;7.360.000;6.600.000;0;0;1;1;1;0;0;0;0;0;0;0;0;0;17/04/2025 14:54
531;Volkswagen-Sao_Bernardo_03;1;1;0.000000;0.000000;0.007500;0.018750;0.004062;0.085938;0.046875;0.156250;0.500;0.28;27;27;38;35;31;31;588;531;7.060.000;7.360.000;6.600.000;0;0;1;1;1;0;0;0;0;0;0;0;0;0;17/04/2025 14:55
532;Volkswagen-Sao_Bernardo_03;1;1;0.000000;0.000000;0.007500;0.018750;0.004062;0.085938;0.046875;0.156250;0.500;0.28;27;27;38;35;31;31;588;531;7.060.000;7.360.000;6.600.000;0;0;1;1;1;0;0;0;0;0;0;0;0;0;17/04/2025 14:56
533;Volkswagen-Sao_Bernardo_03;1;1;0.000000;0.000000;0.007500;0.018750;0.004062;0.085938;0.046875;0.148438;0.500;0.28;27;27;37;35;31;31;588;531;7.060.000;7.360.000;6.600.000;0;0;1;1;1;0;0;0;0;0;0;0;0;0;17/04/2025 14:57
534;Volkswagen-Sao_Bernardo_03;1;1;0.000000;0.000000;0.007500;0.017812;0.004062;0.093750;0.046875;0.148438;0.438;0.25;27;27;37;35;31;31;588;531;7.060.000;7.360.000;6.600.000;0;0;1;1;1;0;0;0;0;0;0;0;0;0;17/04/2025 14:58
535;Volkswagen-Sao_Bernardo_03;1;1;0.000000;0.000000;0.008438;0.017812;0.004062;0.093750;0.054688;0.148438;0.438;0.25;27;27;37;35;31;31;588;531;7.060.000;7.360.000;6.600.000;0;0;1;1;1;0;0;0;0;0;0;0;0;0;17/04/2025 14:59
536;Volkswagen-Sao_Bernardo_03;1;1;0.000000;0.000000;0.007500;0.018750;0.004062;0.093750;0.046875;0.148438;0.500;0.28;28;27;37;35;31;31;588;531;7.060.000;7.360.000;6.600.000;0;0;1;1;1;0;0;0;0;0;0;0;0;0;17/04/2025 15:00
537;Volkswagen-Sao_Bernardo_03;1;1;0.000000;0.000000;0.007500;0.017812;0.003750;0.085938;0.046875;0.148438;0.500;0.28;28;27;37;35;31;31;588;531;7.060.000;7.360.000;6.600.000;0;0;1;1;1;0;0;0;0;0;0;0;0;0;17/04/2025 15:01
538;Volkswagen-Sao_Bernardo_03;1;1;0.000000;0.000000;0.007500;0.016875;0.004062;0.093750;0.054688;0.156250;0.625;0.35;28;27;37;35;31;31;588;531;7.060.000;7.360.000;6.600.000;0;0;1;1;1;0;0;0;0;0;0;0;0;0;17/04/2025 15:02
539;Volkswagen-Sao_Bernardo_03;1;1;0.000000;0.000000;0.008438;0.017812;0.003750;0.093750;0.054688;0.156250;0.625;0.35;28;27;37;35;31;31;588;531;7.060.000;7.360.000;6.600.000;0;0;1;1;1;0;0;0;0;0;0;0;0;0;17/04/2025 15:03
540;Volkswagen-Sao_Bernardo_03;1;1;0.000000;0.000000;0.008438;0.017812;0.004062;0.085938;0.046875;0.148438;0.500;0.28;28;27;37;35;31;31;588;531;7.060.000;7.360.000;6.600.000;0;0;1;1;1;0;0;0;0;0;0;0;0;0;17/04/2025 15:04
541;Volkswagen-Sao_Bernardo_03;1;1;0.000000;0.000000;0.007500;0.017812;0.004062;0.093750;0.054688;0.156250;0.625;0.35;28;27;37;35;31;31;588;531;7.060.000;7.360.000;6.600.000;0;0;1;1;1;0;0;0;0;0;0;0;0;0;17/04/2025 15:05
542;Volkswagen-Sao_Bernardo_03;1;1;0.000000;0.000000;0.008438;0.017812;0.003750;0.093750;0.054688;0.156250;0.563;0.32;28;27;37;35;31;31;588;531;7.060.000;7.360.000;6.600.000;0;0;1;1;1;0;0;0;0;0;0;0;0;0;17/04/2025 15:06
543;Volkswagen-Sao_Bernardo_03;1;1;0.000000;0.000000;0.008438;0.017812;0.003750;0.093750;0.054688;0.156250;0.625;0.35;28;27;37;35;31;31;588;531;7.060.000;7.360.000;6.600.000;0;0;1;1;1;0;0;0;0;0;0;0;0;0;17/04/2025 15:07
544;Volkswagen-Sao_Bernardo_03;1;1;0.000000;0.000000;0.007500;0.017812;0.003750;0.093750;0.054688;0.156250;0.625;0.35;28;27;37;35;31;31;588;531;7.060.000;7.360.000;6.600.000;0;0;1;1;1;0;0;0;0;0;0;0;0;0;17/04/2025 15:08
545;Volkswagen-Sao_Bernardo_03;1;1;0.000000;0.000000;0.007500;0.017812;0.003750;0.093750;0.054688;0.156250;0.563;0.32;28;27;37;35;31;31;588;531;7.060.000;7.360.000;6.600.000;0;0;1;1;1;0;0;0;0;0;0;0;0;0;17/04/2025 15:09
546;Volkswagen-Sao_Bernardo_03;1;1;0.000000;0.000000;0.007500;0.017812;0.004062;0.085938;0.046875;0.148438;0.563;0.32;28;27;37;36;31;31;588;531;7.060.000;7.360.000;6.600.000;0;0;1;1;1;0;0;0;0;0;0;0;0;0;17/04/2025 15:10
547;Volkswagen-Sao_Bernardo_03;1;1;0.000000;0.000000;0.008438;0.017812;0.003750;0.093750;0.046875;0.156250;0.625;0.35;28;27;37;35;31;31;588;531;7.060.000;7.360.000;6.600.000;0;0;1;1;1;0;0;0;0;0;0;0;0;0;17/04/2025 15:11
548;Volkswagen-Sao_Bernardo_03;1;1;0.000000;0.000000;0.007500;0.017812;0.004062;0.101563;0.054688;0.156250;0.625;0.35;28;27;37;35;31;31;588;531;7.060.000;7.360.000;6.600.000;0;0;1;1;1;0;0;0;0;0;0;0;0;0;17/04/2025 15:12
549;Volkswagen-Sao_Bernardo_03;1;1;0.000000;0.000000;0.007500;0.017812;0.003750;0.093750;0.046875;0.156250;0.563;0.32;28;27;37;36;31;31;588;531;7.060.000;7.360.000;6.600.000;0;0;1;1;1;0;0;0;0;0;0;0;0;0;17/04/2025 15:13
550;Volkswagen-Sao_Bernardo_03;1;1;0.000000;0.000000;0.007500;0.017812;0.003750;0.093750;0.046875;0.156250;0.563;0.32;28;27;37;36;31;31;588;531;7.060.000;7.360.000;6.600.000;0;0;1;1;1;0;0;0;0;0;0;0;0;0;17/04/2025 15:14
551;Volkswagen-Sao_Bernardo_03;1;1;0.000000;0.000000;0.008438;0.017812;0.003750;0.093750;0.054688;0.156250;0.625;0.35;28;27;37;36;31;31;588;531;7.060.000;7.360.000;6.600.000;0;0;1;1;1;0;0;0;0;0;0;0;0;0;17/04/2025 15:15
552;Volkswagen-Sao_Bernardo_03;1;1;0.000000;0.000000;0.007500;0.017812;0.003750;0.085938;0.046875;0.148438;0.500;0.28;28;27;37;36;31;31;588;531;7.060.000;7.360.000;6.600.000;0;0;1;1;1;0;0;0;0;0;0;0;0;0;17/04/2025 15:16
553;Volkswagen-Sao_Bernardo_03;1;1;0.000000;0.000000;0.007500;0.017812;0.003750;0.093750;0.054688;0.156250;0.563;0.32;28;27;37;36;31;31;588;531;7.060.000;7.360.000;6.600.000;0;0;1;1;1;0;0;0;0;0;0;0;0;0;17/04/2025 15:17
554;Volkswagen-Sao_Bernardo_03;1;1;0.000000;0.000000;0.007500;0.017812;0.003437;0.101563;0.054688;0.156250;0.625;0.35;28;27;37;36;31;31;588;531;7.060.000;7.360.000;6.600.000;0;0;1;1;1;0;0;0;0;0;0;0;0;0;17/04/2025 15:18
555;Volkswagen-Sao_Bernardo_03;1;1;0.000000;0.000000;0.008438;0.017812;0.003750;0.101563;0.054688;0.156250;0.625;0.35;28;27;37;36;31;31;588;531;7.060.000;7.360.000;6.600.000;0;0;1;1;1;0;0;0;0;0;0;0;0;0;17/04/2025 15:19
556;Volkswagen-Sao_Bernardo_03;1;1;0.000000;0.000000;0.008438;0.017812;0.004062;0.101563;0.046875;0.156250;0.563;0.32;28;27;37;36;31;31;588;531;7.060.000;7.360.000;6.600.000;0;0;1;1;1;0;0;0;0;0;0;0;0;0;17/04/2025 15:20
557;Volkswagen-Sao_Bernardo_03;1;1;0.000000;0.000000;0.007500;0.017812;0.004062;0.085938;0.046875;0.156250;0.500;0.28;28;27;37;36;31;31;588;531;7.060.000;7.360.000;6.600.000;0;0;1;1;1;0;0;0;0;0;0;0;0;0;17/04/2025 15:21
558;Volkswagen-Sao_Bernardo_03;1;1;0.000000;0.000000;0.008438;0.017812;0.004062;0.085938;0.046875;0.148438;0.500;0.28;28;27;37;36;31;31;588;531;7.060.000;7.360.000;6.600.000;0;0;1;1;1;0;0;0;0;0;0;0;0;0;17/04/2025 15:22
559;Volkswagen-Sao_Bernardo_03;1;1;0.000000;0.000000;0.007500;0.017812;0.003750;0.093750;0.046875;0.148438;0.500;0.28;28;27;37;36;31;31;588;531;7.060.000;7.360.000;6.600.000;0;0;1;1;1;0;0;0;0;0;0;0;0;0;17/04/2025 15:23
560;Volkswagen-Sao_Bernardo_03;1;1;0.000000;0.000000;0.007500;0.017812;0.003750;0.093750;0.054688;0.156250;0.625;0.35;28;27;37;36;31;31;588;531;7.060.000;7.360.000;6.600.000;0;0;1;1;1;0;0;0;0;0;0;0;0;0;17/04/2025 15:24
561;Volkswagen-Sao_Bernardo_03;1;1;0.000000;0.000000;0.007500;0.016875;0.003750;0.093750;0.054688;0.156250;0.563;0.32;28;27;37;36;31;31;588;531;7.060.000;7.360.000;6.600.000;0;0;1;1;1;0;0;0;0;0;0;0;0;0;17/04/2025 15:25
562;Volkswagen-Sao_Bernardo_03;1;1;0.000000;0.000000;0.007500;0.017812;0.003750;0.101563;0.046875;0.156250;0.563;0.32;28;27;37;36;31;31;588;531;7.060.000;7.360.000;6.600.000;0;0;1;1;1;0;0;0;0;0;0;0;0;0;17/04/2025 15:26
563;Volkswagen-Sao_Bernardo_03;1;1;0.000000;0.000000;0.007500;0.017812;0.003750;0.093750;0.054688;0.156250;0.563;0.32;28;27;37;36;31;31;588;531;7.060.000;7.360.000;6.600.000;0;0;1;1;1;0;0;0;0;0;0;0;0;0;17/04/2025 15:27
564;Volkswagen-Sao_Bernardo_03;1;1;0.000000;0.000000;0.007500;0.016875;0.003750;0.085938;0.046875;0.148438;0.500;0.28;28;27;37;36;31;31;588;531;7.060.000;7.360.000;6.600.000;0;0;1;1;1;0;0;0;0;0;0;0;0;0;17/04/2025 15:28
565;Volkswagen-Sao_Bernardo_03;1;1;0.000000;0.000000;0.008438;0.017812;0.003750;0.101563;0.046875;0.156250;0.625;0.35;28;27;37;36;31;31;588;531;7.060.000;7.360.000;6.600.000;0;0;1;1;1;0;0;0;0;0;0;0;0;0;17/04/2025 15:29
566;Volkswagen-Sao_Bernardo_03;1;1;0.000000;0.000000;0.007500;0.017812;0.003750;0.093750;0.054688;0.148438;0.500;0.28;28;27;37;36;31;31;588;531;7.060.000;7.360.000;6.600.000;0;0;1;1;1;0;0;0;0;0;0;0;0;0;17/04/2025 15:30
567;Volkswagen-Sao_Bernardo_03;1;1;0.000000;0.000000;0.007500;0.016875;0.003750;0.093750;0.054688;0.156250;0.563;0.32;28;27;37;36;31;31;588;531;7.060.000;7.360.000;6.600.000;0;0;1;1;1;0;0;0;0;0;0;0;0;0;17/04/2025 15:31
568;Volkswagen-Sao_Bernardo_03;1;1;0.000000;0.000000;0.007500;0.017812;0.004062;0.093750;0.046875;0.148438;0.500;0.28;28;27;37;36;31;31;588;531;7.060.000;7.360.000;6.600.000;0;0;1;1;1;0;0;0;0;0;0;0;0;0;17/04/2025 15:32
569;Volkswagen-Sao_Bernardo_03;1;1;0.000000;0.000000;0.007500;0.017812;0.003750;0.085938;0.046875;0.148438;0.500;0.28;28;27;37;36;31;31;588;531;7.060.000;7.360.000;6.600.000;0;0;1;1;1;0;0;0;0;0;0;0;0;0;17/04/2025 15:33
570;Volkswagen-Sao_Bernardo_03;1;1;0.000000;0.000000;0.007500;0.016875;0.003750;0.093750;0.054688;0.156250;0.625;0.35;28;27;37;36;31;31;588;531;7.060.000;7.360.000;6.600.000;0;0;1;1;1;0;0;0;0;0;0;0;0;0;17/04/2025 15:34
571;Volkswagen-Sao_Bernardo_03;1;1;0.000000;0.000000;0.007500;0.017812;0.003750;0.093750;0.054688;0.156250;0.563;0.32;28;27;37;36;31;32;588;531;7.060.000;7.360.000;6.600.000;0;0;1;1;1;0;0;0;0;0;0;0;0;0;17/04/2025 15:35
572;Volkswagen-Sao_Bernardo_03;1;1;0.000000;0.000000;0.007500;0.017812;0.003750;0.093750;0.054688;0.156250;0.625;0.35;28;27;37;36;31;32;588;531;7.060.000;7.360.000;6.600.000;0;0;1;1;1;0;0;0;0;0;0;0;0;0;17/04/2025 15:36
573;Volkswagen-Sao_Bernardo_03;1;1;0.000000;0.000000;0.007500;0.017812;0.004062;0.093750;0.054688;0.156250;0.563;0.32;28;27;37;36;31;32;588;531;7.060.000;7.360.000;6.600.000;0;0;1;1;1;0;0;0;0;0;0;0;0;0;17/04/2025 15:37
574;Volkswagen-Sao_Bernardo_03;1;1;0.000000;0.000000;0.007500;0.017812;0.003750;0.085938;0.046875;0.156250;0.563;0.32;28;27;37;36;31;32;588;531;7.060.000;7.360.000;6.600.000;0;0;1;1;1;0;0;0;0;0;0;0;0;0;17/04/2025 15:38
575;Volkswagen-Sao_Bernardo_03;1;1;0.000000;0.000000;0.007500;0.017812;0.004062;0.085938;0.046875;0.148438;0.500;0.28;28;27;37;36;31;32;588;531;7.060.000;7.360.000;6.600.000;0;0;1;1;1;0;0;0;0;0;0;0;0;0;17/04/2025 15:39
576;Volkswagen-Sao_Bernardo_03;1;1;0.000000;0.000000;0.007500;0.016875;0.003437;0.093750;0.054688;0.156250;0.625;0.35;28;27;37;36;31;32;588;531;7.060.000;7.360.000;6.600.000;0;0;1;1;1;0;0;0;0;0;0;0;0;0;17/04/2025 15:40
577;Volkswagen-Sao_Bernardo_03;1;1;0.000000;0.000000;0.007500;0.017812;0.004062;0.085938;0.054688;0.148438;0.438;0.25;28;27;37;36;31;32;588;531;7.060.000;7.360.000;6.600.000;0;0;1;1;1;0;0;0;0;0;0;0;0;0;17/04/2025 15:41
